Mã,year,opex,dd,td,ta,eq,gl,n3,n4,n5,ie,CI,CASA,lnTA,eq_ratio,loan_ratio,dep_depth,NPL_ratio,cost_dep,SOE,branch_count_legacy,branch_den_legacy,SW_stock,SW_delta,Land_stock,Land_delta,staff,phys,StaffRatio,PhysCost,fee_income,network_count_harmonized,branch_count,branch_den,CI_raw,Staff_raw,AssetCost_raw,Other_raw,NonAsset_raw,NonAssetMinusAsset_raw,AssetCostShare_raw,NonAssetShare_raw,AssetCostShare_ex_sw_raw,SW_khauhao_vnd
ABB,2015,1190073000000.0,10278399000000.0,47529915000000.0,64374686000000.0,5790261000000.0,30915308000000.0,77417000000.0,77144000000.0,594792000000.0,2441841000000.0,0.0184866610456165,0.2162511546675393,31.79574159723065,0.0899462406698185,0.4802401366276179,0.7383323780406479,2.4238898088933807,0.0513748236242374,0,145.0,225.24381711158944,193808.0,7525.0,346695.0,0.0,538052000000.0,262372000000.0,0.4521168029188125,0.672583950732434,57557000000.0,145.0,145.0,225.24381711158946,0.018486661045616595,0.008358130088587927,0.0040757014333242724,0.006052829523704396,0.014410959612292322,0.010335258178968049,0.2204671478136215,0.7795328521863785,0.20223969453974672,21692000000.0
ABB,2016,1299207000000.0,10224981000000.0,51524592000000.0,74171503000000.0,5842462000000.0,39796167000000.0,165416000000.0,183624000000.0,671295000000.0,2663061000000.0,0.0175162555354985,0.1984485583117281,31.937401135729484,0.0787696320512744,0.5365425451874691,0.6946683013825404,2.563902699473545,0.0516852418744043,0,159.0,214.368043748554,203578.0,9770.0,240663.0,-106032.0,615529000000.0,304751000000.0,0.4737728475908765,0.708339779573232,137052000000.0,159.0,159.0,214.36804374855393,0.017516255535498588,0.00829872626418262,0.004108734320780853,0.005108794950535116,0.013407521214717735,0.009298786893936883,0.23456693198235534,0.7654330680176447,0.21789291467795355,21663000000.0
ABB,2017,1603068000000.0,12179501000000.0,57897880000000.0,84503069000000.0,6118589000000.0,47902493000000.0,172679000000.0,222058000000.0,932287000000.0,3208348000000.0,0.0189705299342441,0.210361778358724,32.06780896915877,0.0724067075007654,0.5668728197315532,0.6851571272517925,2.7702608296399105,0.0554139115283668,0,165.0,195.25918046834488,223878.0,20300.0,220023.0,-20640.0,732587000000.0,356695000000.0,0.4569905955330653,0.6794983119867654,186296000000.0,165.0,165.0,195.25918046834488,0.018970529934244165,0.008669353772228083,0.004221089295585229,0.006080086866430853,0.014749440638658936,0.010528351343073707,0.22250771645370002,0.7774922835463,0.2089268827024181,21771000000.0
ABB,2018,1670432000000.0,11342439000000.0,62259884000000.0,89997891000000.0,6868745000000.0,52184147000000.0,142084000000.0,189921000000.0,652225000000.0,3439575000000.0,0.0185607904967461,0.1821789292122677,32.13080735265091,0.076321177348478,0.5798374430796384,0.6917926998978232,1.8860708789587,0.0552454450445169,0,165.0,183.337629545119,302543.0,78665.0,295398.0,75375.0,795374000000.0,376903000000.0,0.476148684891094,0.7017807369590621,333819000000.0,165.0,165.0,183.337629545119,0.018560790496746197,0.008837695985564817,0.004187909247784484,0.005535185263396896,0.014372881248961713,0.010184972001177229,0.22563205206796802,0.774367947932032,0.21357708664584965,20137000000.0
ABB,2019,1870980000000.0,7873924000000.0,69574328000000.0,102556924000000.0,7842779000000.0,56802965000000.0,291751000000.0,423449000000.0,597179000000.0,4047648000000.0,0.0182433318690408,0.1131728358195569,32.26143911645144,0.0764724476330823,0.5538676745024061,0.6783971796970042,2.310405803640708,0.0581773208071804,0,165.0,160.88626059026495,363838.0,61295.0,230480.0,-64918.0,877938000000.0,420484000000.0,0.4692396498091909,0.6939796256507285,193464000000.0,165.0,165.0,160.88626059026495,0.018243331869040848,0.00856049465758158,0.004100005963517393,0.005582831247941875,0.014143325905523455,0.010043319942006062,0.2247399758415376,0.7752600241584624,0.21132187409806621,25105000000.0
ABB,2020,1858323000000.0,12498186000000.0,72508223000000.0,116366981000000.0,8911349000000.0,63293151000000.0,208448000000.0,493346000000.0,621992000000.0,4303080000000.0,0.0159695042702878,0.1723692221777383,32.38776994259952,0.0765797043407012,0.5439098828214852,0.6230996316730086,2.0915153995098144,0.0593460965110122,0,165.0,141.7927994539963,393585.0,29747.0,230480.0,0.0,928879000000.0,472511000000.0,0.499847981217474,0.7541154040497804,193827000000.0,165.0,165.0,141.7927994539963,0.015969504270287805,0.00798232447054719,0.004060524694715591,0.003926655105025024,0.011908979575572215,0.007848454880856625,0.25426742283230636,0.7457325771676937,0.2389729880112338,28422000000.0
ABB,2021,1829863000000.0,11075462000000.0,67839732000000.0,120936804000000.0,11729061000000.0,68983999000000.0,334497000000.0,418614000000.0,863651000000.0,3402696000000.0,0.015130737207178,0.1632592239603776,32.426289244097326,0.0969850418736053,0.5704136104010157,0.5609519166721157,2.343676828593251,0.0501578632415588,0,165.0,136.4348937152333,410369.0,16784.0,228460.0,-2020.0,991083000000.0,494552000000.0,0.5416159570415927,0.8118831846974336,352239000000.0,165.0,165.0,136.4348937152333,0.015130737207178056,0.008195048713210579,0.004089342397373094,0.002846346096594383,0.011041394809804962,0.006952052412431868,0.2702672276558409,0.7297327723441591,0.2546064923986113,28657000000.0
ABB,2022,2006536000000.0,9991258000000.0,84124615000000.0,130146645000000.0,13053393000000.0,82010652000000.0,540524000000.0,420714000000.0,1404371000000.0,4395195000000.0,0.0154175007738386,0.1187673548342539,32.49968296908835,0.1002975758614446,0.630140346683543,0.6463832778785807,2.884514318944812,0.0522462420778983,0,165.0,126.78006413457682,452772.0,42403.0,347249.0,118789.0,1038874000000.0,518873000000.0,0.5177450093095763,0.7763364325384643,232042000000.0,165.0,165.0,126.78006413457682,0.015417500773838619,0.007982334081681475,0.00398683346773941,0.003448333224417734,0.011430667306099209,0.007443833838359799,0.25859142322888795,0.741408576771112,0.2434399382816954,30402000000.0
ABB,2023,2252222000000.0,11237895000000.0,100034291000000.0,162099173000000.0,13479217000000.0,98107189000000.0,732173000000.0,1089785000000.0,1035207000000.0,7705863000000.0,0.0138940992623077,0.1123404273440594,32.71922944286815,0.0831541379918082,0.6052294233481377,0.6171178368689149,2.9122891289852366,0.0770322148831944,0,165.0,101.78953843274697,497688.0,44916.0,370841.0,23592.0,1246455000000.0,574631000000.0,0.5534334537181503,0.8085730447531371,748954000000.0,165.0,165.0,101.78953843274697,0.013894099262307773,0.0076894593410417955,0.0035449348035847166,0.0026597051176812606,0.010349164458723057,0.0068042296551383405,0.2551395910349868,0.7448604089650133,0.2396935115632473,34788000000.0
ABB,2024,2364544000000.0,10996000000000.0,90719121000000.0,176713113000000.0,14024232000000.0,98738176000000.0,630133000000.0,954041000000.0,2107037000000.0,5992439000000.0,0.013380693485944,0.1212092872901623,32.80554870302705,0.0793615808239426,0.5587484387760178,0.5133694917139511,3.738382811527732,0.0660548617969964,0,165.0,93.37167864843173,521741.0,24053.0,346394.0,-24447.0,1215137000000.0,597168000000.0,0.5138990858279652,0.7664501062361284,499749000000.0,165.0,165.0,93.37167864843171,0.01338069348594408,0.006876326150170871,0.0033793077936440405,0.003125059542129168,0.010001385692300038,0.006622077898655997,0.2525510204081633,0.7474489795918366,0.23612248281275375,38846000000.0
ABB,2025,2999921000000.0,11855247000000.0,133411372000000.0,220494731000000.0,16800695000000.0,113891373000000.0,177703000000.0,250317000000.0,569081000000.0,8515301000000.0,0.0136054090108847,0.0888623422596988,33.02689491483833,0.0761954488608619,0.5165265060234024,0.60505469402804,0.8754842212675757,0.0638273999610767,0,165.0,74.83172012849595,544841.0,23100.0,346394.0,0.0,1539919000000.0,694309000000.0,0.5133198507560699,0.7447622787400068,260547000000.0,165.0,165.0,74.83172012849595,0.013605409010884709,0.006983926522942627,0.0031488688951936904,0.003472613592748391,0.010456540115691018,0.007307671220497327,0.2314424279839369,0.7685575720160631,0.21828174808603296,39481000000.0
ACB,2015,4021683000000.0,26599343000000.0,174918997000000.0,201456985000000.0,12787542000000.0,135348271000000.0,174499000000.0,530241000000.0,1065953000000.0,8198265000000.0,0.0199629861431709,0.1520666334486242,32.936597000581074,0.0634752972203967,0.6718469999935718,0.8682697053169935,1.3082494419156636,0.04686892299068,0,345.0,171.25243882707764,357928.0,33621.0,239367.0,7585.0,1998639000000.0,239613000000.0,0.4969658225175878,0.5565461027137146,745226000000.0,345.0,345.0,171.25243882707764,0.01996298614317096,0.009920921828548163,0.0011894003079615234,0.008852664006661274,0.01877358583520944,0.017584185527247914,0.05958028019612685,0.9404197198038733,0.059580031544007823,1000000.0
ACB,2016,4677889000000.0,31893354000000.0,207051269000000.0,233680877000000.0,14062716000000.0,163401221000000.0,193836000000.0,180518000000.0,1046193000000.0,9556360000000.0,0.0200182790310222,0.1540360228364502,33.08497752699654,0.0601791476501519,0.699249434090407,0.8792102882914845,0.8693613127897006,0.0461545589464607,0,349.0,149.3489773234632,428105.0,70177.0,294716.0,55349.0,2309184000000.0,952575000000.0,0.4936380491285706,0.6972715684361044,944382000000.0,349.0,349.0,149.3489773234632,0.020018279031022296,0.009881784207785219,0.004076392609567278,0.006060102213669799,0.01594188642145502,0.011865493811887742,0.2036335193075338,0.7963664806924663,0.20363330553589448,1000000.0
ACB,2017,6217359000000.0,38194539000000.0,241392932000000.0,284316123000000.0,16030847000000.0,198513394000000.0,325864000000.0,275371000000.0,788384000000.0,11861885000000.0,0.0218677679422352,0.1582255896373966,33.281107844198026,0.0563838829498951,0.6982136359533856,0.8490300495550862,0.700012715514803,0.0491393219417045,0,354.0,124.50929488793008,447559.0,19454.0,342874.0,48158.0,2668747000000.0,1038298000000.0,0.4292412582255585,0.5962411049450418,1188331000000.0,354.0,354.0,124.50929488793007,0.0218677679422352,0.009386548226109568,0.0036519138944505094,0.008829305821675121,0.01821585404778469,0.01456394015333418,0.1669998467194833,0.8330001532805167,0.16699968587948677,1000000.0
ACB,2018,6712217000000.0,45021707000000.0,269998503000000.0,329333241000000.0,21017899000000.0,230527220000000.0,172866000000.0,338018000000.0,1164094000000.0,13652442000000.0,0.0203812314226731,0.1667479874879158,33.428091244643895,0.0638195492692461,0.699981633496875,0.8198337409857755,0.7265857801955015,0.0505648803541699,0,358.0,108.70448391815997,526382.0,78823.0,368362.0,25488.0,3220678000000.0,1379216000000.0,0.4798232834248356,0.6853017415855298,1497526000000.0,358.0,358.0,108.70448391815997,0.02038123142267318,0.009779389381468481,0.004187904008147177,0.006413938033057523,0.016193327414526004,0.012005423406378828,0.20547845816069418,0.7945215418393058,0.20547830917862164,1000000.0
ACB,2019,8307596000000.0,56057704000000.0,308129391000000.0,383514439000000.0,27765359000000.0,268700541000000.0,235338000000.0,310859000000.0,903155000000.0,16205362000000.0,0.0216617554782598,0.1819291039328345,33.580398386613794,0.0723971672941367,0.7006269221587248,0.8034362195161053,0.580532310053297,0.0525927174535583,0,369.0,96.2154126353506,592512.0,66130.0,816902.0,448540.0,3763241000000.0,1643038000000.0,0.452987964267882,0.6507633495899415,1896492000000.0,369.0,369.0,96.2154126353506,0.021661755478259843,0.009812514516565568,0.004284162036465073,0.007565078925229202,0.01737759344179477,0.013093431405329698,0.1977753853220595,0.8022246146779406,0.19777526495029368,1000000.0
ACB,2020,7624268000000.0,74064578000000.0,353195838000000.0,444530104000000.0,35448163000000.0,311478989000000.0,212494000000.0,411284000000.0,1216606000000.0,17273625000000.0,0.0171512973618542,0.2096983317226971,33.72803889412354,0.0797429975631076,0.7006926779474085,0.7945375011092612,0.5908533368200961,0.0489066493473232,0,371.0,83.45891462954778,676176.0,83664.0,819706.0,2804.0,4337109000000.0,1750411000000.0,0.5688557904837553,0.7984399289217011,1694654000000.0,371.0,371.0,83.45891462954778,0.01715129736185426,0.009756614818599551,0.003937665827914323,0.003457016715340387,0.013213631533939937,0.009275965706025614,0.22958413843794578,0.7704158615620542,0.2295840072778134,1000000.0
ACB,2021,8229776000000.0,94329551000000.0,379920669000000.0,527769944000000.0,44900909000000.0,361912538000000.0,537788000000.0,882155000000.0,1379421000000.0,14769018000000.0,0.0155934912428434,0.2482874944611134,33.89968159256349,0.0850766693148407,0.6857391977592419,0.7198603734812151,0.7734918539904245,0.0388739523934666,0,371.0,70.29578023867157,723927.0,47751.0,855886.0,36180.0,5128784000000.0,1692359000000.0,0.6231984928872912,0.8288370181642853,2893963000000.0,371.0,371.0,70.29578023867157,0.015593491242843491,0.009717840241391237,0.003206622543098059,0.0026690284583541952,0.012386868699745432,0.009180246156647373,0.2056385252769942,0.7943614747230058,0.20563840376700412,1000000.0
ACB,2022,11605045000000.0,90144575000000.0,413952789000000.0,607875185000000.0,58438663000000.0,413706244000000.0,442270000000.0,437272000000.0,2165373000000.0,17165305000000.0,0.0190911642494503,0.2177653524639013,34.040990688991336,0.0961359575814893,0.6805776156169296,0.6809832005233114,0.7360089542182496,0.041466818091664,0,384.0,63.17086294614906,835179.0,111252.0,874309.0,18423.0,6069294000000.0,1733724000000.0,0.5229875455028395,0.6723815375123492,3526244000000.0,384.0,384.0,63.17086294614906,0.019091164249450322,0.009984441131611583,0.002852105239334618,0.0062546178785041215,0.016239059010115704,0.013386953770781085,0.14939399200950965,0.8506060079904904,0.14939390584008935,1000000.0
ACB,2023,10874286000000.0,103970539000000.0,482702731000000.0,718794589000000.0,70955961000000.0,487601852000000.0,940414000000.0,1048813000000.0,3897998000000.0,27387226000000.0,0.0151285028663453,0.2153924813820869,34.20859674298546,0.0987152130606815,0.678360493334209,0.6715447478138987,1.2073836421769786,0.0567372509852238,0,384.0,53.42277277493529,949476.0,114297.0,1152201.0,277892.0,6215207000000.0,1780389000000.0,0.5715508126234679,0.7352754930300711,2922337000000.0,384.0,384.0,53.42277277493529,0.015128502866345312,0.008646708107036126,0.002476909296822767,0.004004885462486419,0.012651593569522545,0.010174684272699778,0.16372468040660323,0.8362753195933967,0.16372458844654258,1000000.0
ACB,2024,10902603000000.0,118184292000000.0,537304578000000.0,864005703000000.0,83461678000000.0,580686248000000.0,923291000000.0,978211000000.0,6748132000000.0,23108047000000.0,0.012618670180236,0.2199577238666297,34.39260048540526,0.0965985267344931,0.6720861285796397,0.6218761937963736,1.4895537874008684,0.0430073517817672,0,388.0,44.907110989289386,1107472.0,157996.0,1842793.0,690592.0,6468329000000.0,1645532000000.0,0.5932829985646547,0.7442131938583841,3238785000000.0,388.0,388.0,44.907110989289386,0.012618670180236068,0.007486442482428845,0.001904538354650189,0.003227689343157033,0.01071413182558588,0.00880959347093569,0.1509301952937294,0.8490698047062707,0.15093010357251382,1000000.0
ACB,2025,10924359000000.0,124538983000000.0,585180175000000.0,1025850127000000.0,94519719000000.0,686777352000000.0,764791000000.0,770229000000.0,5136367000000.0,31850134000000.0,0.0106490789565404,0.2128216031925552,34.56429805594053,0.0921379415104366,0.669471430498736,0.5704343739872637,0.9714046307106528,0.0544279101731359,0,389.0,37.919769151619946,1290183.0,182711.0,1827344.0,-15449.0,6231750000000.0,1648010000000.0,0.5704453689227899,0.7213018173423265,3146740000000.0,389.0,389.0,37.919769151619946,0.010649078956540403,0.006074717774051609,0.0016064822303229096,0.0029678789521658854,0.009042596726217494,0.007436114495894585,0.15085644841953658,0.8491435515804635,0.15085635688098495,1000000.0
BAB,2015,579541000000.0,489755000000.0,52895602000000.0,63460126000000.0,5011667000000.0,41754607000000.0,5581000000.0,7984000000.0,279255000000.0,3654073000000.0,0.0091323644708805,0.012142915872040399,31.781432887584305,0.0789734801345966,0.6579660273602356,0.8335250074984093,0.7012878842327507,0.0690808472129686,0,92.0,144.97292362766504,79.07046,0.0,528.988,0.0,239967000000.0,123467000000.0,0.4140638884910644,0.6271066240352279,3441000000.0,92.0,92.0,144.97292362766504,0.009132364470880502,0.0037813823439304234,0.0019455839088627085,0.0034053982180873694,0.007186780562017793,0.005241196653155084,0.2130427355441634,0.7869572644558366,0.21304101004070464,1000000.0
BAB,2016,704966000000.0,721012000000.0,59156703000000.0,75938148000000.0,5807109000000.0,48102315000000.0,3153000000.0,5242000000.0,381793000000.0,4303825000000.0,0.0092834236621098,0.0121881707978215,31.96094028276034,0.0764715647265982,0.6334407180959957,0.7790116635449156,0.8111626228384227,0.0727529558231127,0,96.0,126.41867431373228,79.07046,9.668000000000006,528.988,430.594,335924000000.0,128097000000.0,0.4765109239310832,0.658217559428398,3545000000.0,96.0,96.0,126.41867431373227,0.009283423662109852,0.004423652786475646,0.001686859679538142,0.003172911196096064,0.00759656398257171,0.005909704303033569,0.18170663549731478,0.8182933645026853,0.18170521698918815,1000000.0
BAB,2017,748903000000.0,762285000000.0,63415099000000.0,91782201000000.0,6374612000000.0,55487573000000.0,5004000000.0,9209000000.0,337399000000.0,5154240000000.0,0.0081595667987957,0.012142915872040399,32.150439505867226,0.0694536841625752,0.6045570099152449,0.690930249101348,0.633677021699976,0.0812778042024345,0,108.0,117.66987370459768,79.07046,6.236999999999995,528.988,8.272000000000048,367116000000.0,131154000000.0,0.4902050065228741,0.6653331606362907,61695000000.0,108.0,108.0,117.66987370459769,0.008159566798795771,0.003999860495827508,0.0014289698718382227,0.0027307364311300406,0.006730596926957548,0.0053016270551193255,0.17512815411341656,0.8248718458865835,0.17512681882700432,1000000.0
BAB,2018,879857000000.0,751244000000.0,72534422000000.0,97029061000000.0,7082456000000.0,63979415000000.0,251322000000.0,7448000000.0,229305000000.0,5889353000000.0,0.0090679739753433,0.012142915872040399,32.20603164749957,0.072993141714522,0.6593840478369671,0.7475535808802685,0.7628625550890079,0.0811939054260334,0,125.0,128.82738296313102,80.205,4.201999999999998,528.988,0.0,496096000000.0,141370000000.0,0.563837078070641,0.7245109148418436,73004000000.0,125.0,125.0,128.82738296313102,0.009067973975343325,0.0051128599502781955,0.0014569861703598265,0.0024981278547053032,0.007610987804983499,0.006154001634623672,0.1606738367712026,0.8393261632287974,0.16067270022287714,1000000.0
BAB,2019,1103592000000.0,1352820000000.0,76163271000000.0,107889769000000.0,7814985000000.0,72933312000000.0,264743000000.0,17576000000.0,217707000000.0,6969579000000.0,0.0102288846313129,0.0177621047814503,32.312131164419895,0.0724349034429761,0.6759984072261754,0.7059359910206129,0.6855934363710234,0.091508399107491,0,135.0,125.12771252666228,87.34,7.135000000000005,528.988,0.0,631317000000.0,163603000000.0,0.5720565208881543,0.7203024306084133,72725000000.0,135.0,135.0,125.12771252666228,0.01022888463131291,0.005851500154755174,0.0015163903075925578,0.002860994168965179,0.008712494323720354,0.007196104016127796,0.14824590972025894,0.8517540902797411,0.14824500358828263,1000000.0
BAB,2020,1240389000000.0,1409379000000.0,86442223000000.0,117189393000000.0,8363582000000.0,79440423000000.0,23123000000.0,271073000000.0,333804000000.0,7793519000000.0,0.0105844818225144,0.0163042891666494,32.39481248556281,0.0713680802152461,0.6778806593869805,0.7376283875794117,0.7905295267624645,0.0901587063534911,0,144.0,122.87801507769564,94.825,7.484999999999999,564.919,35.930999999999926,723402000000.0,174426000000.0,0.5832057523889683,0.7238277669344052,59762000000.0,144.0,144.0,122.87801507769565,0.010584481822514431,0.0061729306849468875,0.0014884111568015375,0.0029231399807660065,0.009096070665712894,0.007607659508911357,0.14062201454543696,0.859377985454563,0.1406212083467364,1000000.0
BAB,2021,1312134000000.0,3047940000000.0,93440398000000.0,119791806000000.0,9051143000000.0,84598379000000.0,61465000000.0,40122000000.0,553716000000.0,7341600000000.0,0.0109534536944872,0.0326190819521124,32.41677640194181,0.0755572797692022,0.7062117337140739,0.7800232847311777,0.7746046765269581,0.0785698708175451,0,145.0,121.04333747167983,109.544,14.718999999999994,564.919,0.0,756394000000.0,184159000000.0,0.5764609407270904,0.7168116975857649,64859000000.0,145.0,145.0,121.04333747167983,0.01095345369448725,0.006314238220934744,0.00153732551623773,0.0031018899573147765,0.00941612817824952,0.00787880266201179,0.14035075685867449,0.8596492431413255,0.14034999474139073,1000000.0
BAB,2022,1716333000000.0,6976087000000.0,96904601000000.0,128793538000000.0,9800431000000.0,94120600000000.0,42180000000.0,49635000000.0,422064000000.0,7828820000000.0,0.0133262353581745,0.0719892237108535,32.48923175753275,0.0760941204984989,0.730786664157017,0.7524026632454184,0.580532310053297,0.0807889400421761,0,162.0,125.7827081355588,117.294,7.75,832.539,267.62,1084319000000.0,200433000000.0,0.6317649313973454,0.7485447171382243,91130000000.0,162.0,162.0,125.78270813555879,0.013326235358174569,0.008419048166842035,0.0015562349098601515,0.003350952281472382,0.011770000448314416,0.010213765538454265,0.11677978574087897,0.883220214259121,0.11677920310336047,1000000.0
BAB,2023,1832911000000.0,5127370000000.0,118476923000000.0,152243071000000.0,10868259000000.0,99853975000000.0,170642000000.0,229532000000.0,515493000000.0,10995013000000.0,0.0120393722220697,0.0432773730965312,32.65649951080968,0.0713875444617115,0.6558851863938031,0.7782089668961026,0.9170060580963352,0.0928029925287644,0,174.0,114.29091574223432,154.574,37.280000000000015,832.539,0.0,1099871000000.0,248944000000.0,0.6000678701802761,0.7358867942851562,104852000000.0,174.0,174.0,114.29091574223433,0.012039372222069798,0.007224440447605001,0.0016351745820997003,0.003179757192365096,0.010404197639970098,0.008769023057870398,0.13581892410488017,0.8641810758951199,0.13581837852465287,1000000.0
BAB,2024,2249272000000.0,3433196000000.0,122549687000000.0,165486693000000.0,11782450000000.0,109552804000000.0,194360000000.0,270901000000.0,893900000000.0,8490903000000.0,0.0135918602228639,0.028014726794039,32.73991190267919,0.0711987760852771,0.6620037056393411,0.7405410355260408,1.2406446484016966,0.0692853911573025,0,186.0,112.3957441097696,170.536,15.961999999999987,842.129,9.590000000000032,1403176000000.0,268834000000.0,0.6238356232594369,0.7433560725425826,105581000000.0,186.0,186.0,112.3957441097696,0.013591860222863962,0.008479086593385487,0.0016245052404304193,0.003488268389048056,0.011967354982433544,0.010342849742003125,0.11952044928314583,0.8804795507168542,0.11952000469485237,1000000.0
BAB,2025,2320344000000.0,4465097000000.0,127023635000000.0,195820302000000.0,13308904000000.0,126405235000000.0,137377000000.0,137466000000.0,1179903000000.0,10109831000000.0,0.0118493535976673,0.0351517022796584,32.908218528085946,0.0679648834368563,0.6455164950159253,0.6486744923925202,1.150858981433799,0.0795901565877877,0,193.0,98.55974994870552,172.414,1.877999999999986,842.129,0.0,1452737000000.0,301211000000.0,0.6260869078033258,0.7558999872432708,181165000000.0,193.0,193.0,98.55974994870552,0.011849353597667315,0.007418725153431741,0.0015382010798859864,0.0028924273643495873,0.010311152517781329,0.008772951437895343,0.1298130794399451,0.8701869205600549,0.12981264846936488,1000000.0
BAOVIETBAN,2015,339842171084.0,1240475128060.0,15124855663992.0,30698905718795.0,3360905978693.0,12892929608228.0,31396120930.0,22349262730.0,118370621708.0,1328978974419.0,0.0110701721487074,0.0820156671652226,31.0552481255475,0.1094796671086334,0.4199801037316608,0.4926838696641882,1.3349642835105462,0.0878672169799889,0,35.0,114.0105784896812,69969.0,384.0,,,123723694740.0,67776721463.0,0.3640622184861771,0.5634980955782152,10415302692.0,35.0,35.0,114.0105784896812,0.011070172148707442,0.004030231431482322,0.00220778949203732,0.0048321512251878005,0.008862382656670123,0.0066545931646328025,0.19943587709203806,0.8005641229079621,0.19943293454963137,1000000.0
BAOVIETBAN,2016,395352728673.0,2897492666319.0,20599971094387.0,34291272057735.0,3385838321806.0,15204978409768.0,72123622393.0,62027702237.0,148040019432.0,1387879797249.0,0.0115292523417433,0.1406551811671472,31.165911978762104,0.0987376121861383,0.4434066599853139,0.6007351100800098,1.8559141384950228,0.0673729002283485,0,41.0,119.56395181540584,69969.0,0.0,,,150978074046.0,83819599068.0,0.3818819577969206,0.5938941509322512,14874450510.0,41.0,41.0,119.56395181540583,0.011529252341743363,0.004402813456199688,0.0024443420741836557,0.004682096811360019,0.009084910267559707,0.006640568193376051,0.21201219313533054,0.7879878068646694,0.21200966374846286,1000000.0
BAOVIETBAN,2017,497936006422.0,3412425145256.0,24065283517769.0,48861978323191.0,3498060625059.0,21732405707869.0,203904208721.0,218886988482.0,399593672569.0,1852479980618.0,0.010190664060478,0.1417986678917112,31.52002067056578,0.0715906466562108,0.4447713018110507,0.4925155375124685,3.784140977426286,0.0769772763844727,0,46.0,94.14272933391923,69969.0,0.0,,,209031840912.0,71616451989.0,0.4197965967836554,0.563623215195149,32297229855.0,46.0,46.0,94.14272933391925,0.010190664060478048,0.004278006091554192,0.0014656887511860978,0.004446969217737759,0.00872497530929195,0.007259286558105853,0.14382661841149358,0.8561733815885064,0.14382461012129744,1000000.0
BAOVIETBAN,2018,576106542212.0,3148673372370.0,27042511838868.0,55879337593274.0,3478274534517.0,25746761379177.0,150579179530.0,151545263781.0,721512565012.0,2174021572911.0,0.0103098312726123,0.1164342051925973,31.654215796153885,0.0622461661917708,0.4607563813046353,0.4839447460115026,3.975789394431871,0.0803927381400382,0,55.0,98.42636360567766,73396.0,3427.0,,,221943645254.0,94929640711.0,0.3852475696627787,0.550025494847435,60271714194.0,55.0,55.0,98.42636360567766,0.010309831272612363,0.003971837441407226,0.0016988326061049505,0.004639161225100188,0.008610998666507413,0.006912166060402463,0.16477792518465637,0.8352220748153437,0.1647761893946128,1000000.0
BAOVIETBAN,2019,654776668256.0,6005175314710.0,29240028914444.0,59804501266042.0,3560114048367.0,24758160001686.0,188736293657.0,209311338243.0,893558067096.0,2629643247448.0,0.0109486184884847,0.205375149671742,31.72210204605973,0.0595291988562822,0.4139848920660441,0.4889268917128647,5.216888892017998,0.0899329906664014,0,52.0,86.94997683983108,92004.0,18608.0,,,288701715762.0,117756172785.0,0.4409163150711495,0.6207580511834699,103666717733.0,52.0,52.0,86.94997683983108,0.010948618488484798,0.004827424519062575,0.001969018557000557,0.0041521754124216655,0.008979599931484242,0.007010581374483685,0.17984173611232057,0.8201582638876795,0.17984020887402924,1000000.0
BAOVIETBAN,2020,605377478130.0,3611236214449.0,33741058036080.0,59187496318016.0,3607463315018.0,22841843168261.0,138879969376.0,395966048620.0,1125900257680.0,2604840556169.0,0.0102281312065861,0.10702794828151,31.71173142466603,0.0609497535701629,0.3859234566289333,0.5700707097794506,7.270631636170349,0.0772009150804812,0,56.0,94.61457821954572,92004.0,0.0,,,272467681951.0,184666350708.0,0.4500789867384028,0.7551222983568512,280328141639.0,56.0,56.0,94.61457821954573,0.01022813120658611,0.0046034669296877145,0.0031200230149250234,0.002504641261973373,0.007108108191661087,0.003988085176736064,0.3050433116184484,0.6949566883815517,0.3050416597565339,1000000.0
BAOVIETBAN,2021,640482255980.0,2907516817023.0,37077944023241.0,65461338846186.0,3672384740829.0,25238488388031.0,186909368919.0,154972664857.0,905686705446.0,2141108102821.0,0.0097841301028831,0.0784163440993526,31.812480837682525,0.0561000554763778,0.385548001811171,0.5664098027442237,4.943119889119992,0.057746138822555,0,56.0,85.54667684323225,93889.0,1885.0,,,305679663518.0,194960154646.0,0.4772648432707639,0.7816607150153949,410449807080.0,56.0,56.0,85.54667684323225,0.00978413010288311,0.004669621320093271,0.002978248811929991,0.0021362599708598484,0.006805881290953119,0.003827632479023128,0.304395871744631,0.6956041282553689,0.30439431042112725,1000000.0
BAOVIETBAN,2022,741322346251.0,2538671224871.0,41385012446275.0,78270954570778.0,3735245904929.0,33195909006048.0,254033984840.0,108939603930.0,746278248882.0,2803469859793.0,0.0094712317016735,0.0613427681861069,31.99119769954135,0.0477219924736107,0.4241152952341979,0.5287403567929124,3.341531745522932,0.0677411868229445,0,56.0,71.54633581140362,92306.0,-1583.0,,,350332984934.0,208499503892.0,0.4725784764289066,0.7538319755935,571551163983.0,56.0,56.0,71.54633581140362,0.009471231701673515,0.00447590024748203,0.0026638170574943016,0.0023315143966971827,0.006807414644179213,0.004143597586684911,0.2812534991645933,0.7187465008354067,0.28125215022373773,1000000.0
BAOVIETBAN,2023,806837063159.0,3922052920258.0,52848413124766.0,84644908483807.0,3801525914659.0,41399461094975.0,166488965074.0,192086505988.0,1295983150333.0,4383104252602.0,0.0095320212120419,0.0742132580404771,32.06948607484058,0.044911454011274,0.4890957038827082,0.6243543063771658,3.996570432642245,0.0829372916506356,0,56.0,66.15873417916576,108424.0,16118.0,,,346937032084.0,240801143073.0,0.4299963994287042,0.728447169811257,717219375074.0,56.0,56.0,66.15873417916576,0.009532021212041974,0.004098734800456082,0.0028448390740367624,0.0025884473375491295,0.006687182138005211,0.003842343063968449,0.29845077038255285,0.7015492296174471,0.29844953097493804,1000000.0
BAOVIETBAN,2024,895952663870.0,2692124827911.0,57609146695465.0,90623727196173.0,3863501384275.0,47729875178922.0,139951356119.0,76254572754.0,1677237381796.0,3476258625807.0,0.0098865130754392,0.0467308575518776,32.13773718427287,0.04477139676632239,0.5266818818387511,0.6356960641307391,3.9669982449590897,0.0603421301166512,0,56.0,61.79397132803522,108424.0,0.0,,,434497299891.0,238861507364.0,0.4849556426499383,0.751556231047383,869072421259.0,56.0,56.0,61.79397132803522,0.009886513075439207,0.004794520302066638,0.002635750203111123,0.0024562425702614452,0.007250762872328084,0.004615012669216961,0.2666005883974447,0.7333994116025554,0.26659947226705044,1000000.0
BAOVIETBAN,2025,935764334726.0,3952862081082.0,73642864373101.0,110365851927250.0,3927283269483.0,58448359343845.0,171645477074.0,104676508714.0,1367005636926.0,3732663353693.0,0.0084787488012399,0.0536761044635009,32.334821889671474,0.04477139676632239,0.5295873526384998,0.6672613230190463,2.811588967017007,0.0506860153453835,0,56.0,50.74033228766593,113424.0,5000.0,,,457578264787.0,267068800341.0,0.4889887846826123,0.7743905577895134,890540812256.0,56.0,56.0,50.74033228766593,0.00847874880123998,0.004146013071947494,0.0024198499416019014,0.001912885787690585,0.006058898859638079,0.0036390489180361772,0.28540177310690096,0.714598226893099,0.28540070446177007,1000000.0
BVB,2015,437373000000.0,,18623768000000.0,29019129000000.0,3313238000000.0,15863224000000.0,,,,1300457000000.0,0.0150718858584625,,30.99897634915057,0.1141742744932144,0.5466471443715626,0.6417755681088844,,0.0698278135767155,0,36.0,124.0561010635433,110819.0,18456.0,168797.0,2855.0,,,,,-2931000000.0,36.0,36.0,124.0561010635433,0.015071885858462534,,,,,,,,,1000000.0
BVB,2016,602972000000.0,1369177000000.0,24610095000000.0,32384847000000.0,3310648000000.0,20994294000000.0,76032000000.0,74172000000.0,116400000000.0,1443526000000.0,0.0186189547228677,0.0556347710157153,31.10871174414282,0.1022283044906773,0.6482752257560457,0.7599262395774172,1.2698879038275828,0.0586558483419101,0,46.0,142.0417394591983,117794.0,6975.0,161768.0,-7029.0,269213000000.0,161193000000.0,0.4464767849916746,0.7138076063233451,-4921000000.0,46.0,46.0,142.0417394591983,0.018618954722867766,0.008312931044571556,0.004977420458401424,0.005328603219894786,0.013641534264466341,0.008664113806064917,0.26733082133167047,0.7326691786683296,0.2673291628798684,1000000.0
BVB,2017,645592000000.0,,27022524000000.0,39900916000000.0,3343722000000.0,25031901000000.0,,,,1837768000000.0,0.0161798791787135,,31.317420396954333,0.0838006325468818,0.6273515374935252,0.6772406929204332,,0.0680087470733673,0,46.0,115.28557389509557,141601.0,23807.0,319976.0,158208.0,,,,,9775000000.0,46.0,46.0,115.28557389509555,0.01617987917871359,,,,,,,,,1000000.0
BVB,2018,698862000000.0,1391265000000.0,33495353000000.0,46551614000000.0,3437957000000.0,29690468000000.0,89628000000.0,239189000000.0,282156000000.0,2325348000000.0,0.0150126266298736,0.0415360602409534,31.471582791445822,0.0738525843593736,0.6377967474983789,0.7195315075434334,2.0578085869175253,0.069423003244659,0,68.0,146.0744196753307,145349.0,3748.0,404246.0,84270.0,315435000000.0,198718000000.0,0.4513552031731586,0.7357003242414096,33602000000.0,68.0,68.0,146.0744196753307,0.015012626629873672,0.006776027142689402,0.004268767136623878,0.003967832350560392,0.010743859493249793,0.006475092356625915,0.284345121068251,0.715654878931749,0.2843436901705916,1000000.0
BVB,2019,859223000000.0,1408220000000.0,35218568000000.0,51808678000000.0,3734974000000.0,33994686000000.0,139354000000.0,154649000000.0,558745000000.0,2867058000000.0,0.0165845382119188,0.039985157829245,31.578578780120107,0.0720916677318035,0.6561581440082297,0.6797812520906247,2.508474412736156,0.0814075688710568,0,69.0,133.182321309183,219651.0,74302.0,722024.0,317778.0,403891000000.0,234235000000.0,0.4700653962940936,0.7426779776612125,38202000000.0,69.0,69.0,133.182321309183,0.01658453821191886,0.007795817526940178,0.004521153772732823,0.004267566912245858,0.012063384439186036,0.007542230666453213,0.2726125813671189,0.727387418632881,0.2726114175249033,1000000.0
BVB,2020,867461000000.0,1936419000000.0,41372546000000.0,61101561000000.0,3890353000000.0,39832796000000.0,133635000000.0,217778000000.0,760173000000.0,3218923000000.0,0.0141970349988276,0.0468044437004191,31.74355853006125,0.0636702718609758,0.6519112662277156,0.6771111134132891,2.79063011293508,0.0778033578112403,0,79.0,129.29293246697904,252783.0,33132.0,771459.0,49435.0,427953000000.0,233393000000.0,0.4933397582139139,0.7623927761593893,60218000000.0,79.0,79.0,129.29293246697904,0.014197034998827608,0.007003961813676086,0.003819755112312106,0.003373318072839416,0.010377279886515503,0.006557524774203397,0.26905301794547537,0.7309469820545247,0.2690518651558975,1000000.0
BVB,2021,1051415000000.0,2875409000000.0,45244577000000.0,76511392000000.0,4639089000000.0,46389215000000.0,166103000000.0,185524000000.0,824302000000.0,3151732000000.0,0.0137419405465789,0.0635525667529171,31.96846076070697,0.0606326571603873,0.6063046794391089,0.5913443190263745,2.534918946138666,0.0696598843216061,0,87.0,113.70855728255474,300862.0,48079.0,677129.0,-94330.0,554330000000.0,259772000000.0,0.5272228377947813,0.7742917877336732,71002000000.0,87.0,87.0,113.70855728255474,0.013741940546578998,0.007245064891774548,0.003395206820965955,0.0031016688338384953,0.010346733725613044,0.006951526904647089,0.24706894993889186,0.7529310500611082,0.24706799883965894,1000000.0
BVB,2022,1236838000000.0,3021713000000.0,50129097000000.0,79067497000000.0,5002586000000.0,50859390000000.0,149080000000.0,407771000000.0,861708000000.0,3827878000000.0,0.0156428121153247,0.0602786242090097,32.001322996015205,0.0632698161673184,0.6432401673218516,0.6340038435768366,2.7891781635603574,0.0763604020235991,0,107.0,135.32741525888952,321276.0,20414.0,845851.0,168722.0,638297000000.0,281007000000.0,0.5160716278122115,0.7432695308520598,99768000000.0,107.0,107.0,135.32741525888952,0.015642812115324707,0.008072811511916205,0.0035540141102481087,0.004015986493160394,0.012088798005076598,0.00853478389482849,0.2271979030398484,0.7728020969601516,0.22719709452652653,1000000.0
BVB,2023,1406915000000.0,3264438000000.0,57138791000000.0,87883977000000.0,5843905000000.0,57768233000000.0,311311000000.0,584346000000.0,1018931000000.0,5460172000000.0,0.0160087771175853,0.0571317303511024,32.107038617314025,0.0664956821423773,0.6573238373133705,0.6501616443689161,3.314257508966909,0.0955598097971656,0,115.0,130.85434219709924,353816.0,32540.0,883002.0,37151.0,719307000000.0,336256000000.0,0.511265428259703,0.7502677844788065,54414000000.0,115.0,115.0,130.85434219709924,0.01600877711758538,0.008184734288936424,0.0038261354512893744,0.003997907377359582,0.012182641666296005,0.00835650621500663,0.2390023562191035,0.7609976437808964,0.23900164544410998,1000000.0
BVB,2024,1475162000000.0,4415471000000.0,67389449000000.0,103536280000000.0,6154909000000.0,68142074000000.0,269589000000.0,519414000000.0,1313451000000.0,4179471000000.0,0.0142477786530479,0.0655216961337671,32.27094319861316,0.059446881808,0.6581468254412849,0.650877634390573,3.085397723585578,0.0620196642355689,0,125.0,120.73062698408714,384366.0,30550.0,810344.0,-72658.0,796544000000.0,362735000000.0,0.5399705252711228,0.7858655523935676,37546000000.0,125.0,125.0,120.73062698408714,0.014247778653047995,0.007693380523233016,0.0035034579183258275,0.003050940211489152,0.010744320734722167,0.007240862816396339,0.24589502712244485,0.7541049728775551,0.24589434923079634,1000000.0
BVB,2025,1707567000000.0,5951956000000.0,71413689000000.0,133047699000000.0,7460484000000.0,77688221000000.0,280810000000.0,395028000000.0,1665312000000.0,5511984000000.0,0.0128342467613814,0.0833447492118772,32.52172881895242,0.0560737544209614,0.5839125485364464,0.5367525296322486,3.013519900269052,0.0771838575654591,0,125.0,93.9512678080964,403372.0,19006.0,831264.0,20920.0,947888000000.0,407128000000.0,0.555110282641911,0.7935360662275623,1674000000.0,125.0,125.0,93.9512678080964,0.01283424676138142,0.007124422347206471,0.003060015340813974,0.002649809073360975,0.009774231420567447,0.006714216079753473,0.23842578358565142,0.7615742164143486,0.23842519795709333,1000000.0
EIB,2015,2304554000000.0,13799880000000.0,98430542000000.0,124849675000000.0,13144721000000.0,84759792000000.0,181992000000.0,591316000000.0,802164000000.0,5203494000000.0,0.0184586303488575,0.1401991670430911,32.45813152952719,0.1052843829989945,0.6788947748562422,0.7883924567685098,1.858749252239788,0.0528646281354419,0,208.0,166.6003535852216,147837.0,15342.0,3582433.0,373335.0,1148906000000.0,499114000000.0,0.498537244082803,0.7151145080566566,292041000000.0,208.0,208.0,166.6003535852216,0.018458630348857537,0.009202314703662624,0.003997719657660302,0.00525859598753461,0.014460910691197235,0.010463191033536934,0.21657726397385352,0.7834227360261465,0.21657683005041323,1000000.0
EIB,2016,2255214000000.0,14218491000000.0,102351494000000.0,128801508000000.0,13448419000000.0,86891327000000.0,1069988000000.0,357925000000.0,1132235000000.0,5228494000000.0,0.0175092204665802,0.1389182555557029,32.4892936376048,0.104411968530679,0.6746142056038661,0.7946451527570625,2.946379216880875,0.0510837096330025,0,208.0,161.48879250699454,160405.0,12568.0,2461195.0,-678906.76,1172904000000.0,483102000000.0,0.5200854553049068,0.7343010463751999,299852000000.0,208.0,208.0,161.48879250699454,0.017509220466580253,0.009106290898395382,0.003750748011428562,0.004652181556756309,0.013758472455151691,0.01000772444372313,0.21421559107029312,0.7857844089297069,0.21421514765339342,1000000.0
EIB,2017,2206068000000.0,15630465000000.0,117539696000000.0,149369554000000.0,14251181000000.0,101324328000000.0,884448000000.0,352827000000.0,1061155000000.0,6282831000000.0,0.0147691945307676,0.1329803082015798,32.637444579372286,0.095408874287728,0.6783465926396218,0.7869053153897748,2.2683890881565976,0.0534528437099241,0,207.0,138.58245837702643,169936.0,9531.0,2381088.0,-80107.0,1261055000000.0,448982000000.0,0.5716301582725465,0.7751515365800148,331194000000.0,207.0,207.0,138.58245837702643,0.014769194530767629,0.008442517007180727,0.0030058468273929505,0.0033208306961939518,0.011763347703374678,0.008757500875981728,0.2035213783074683,0.7964786216925317,0.2035209250122843,1000000.0
EIB,2018,2900904000000.0,17366984000000.0,118693869000000.0,152652063000000.0,14883534000000.0,104042577000000.0,848445000000.0,118178000000.0,954387000000.0,6726598000000.0,0.0190033723946462,0.1463174479551256,32.65918234959394,0.0974997239310156,0.681566792844457,0.7775451354365254,1.8463691071396664,0.0566718235463366,0,207.0,135.60249100596826,451823.0,281887.0,2381088.0,0.0,1507232000000.0,458873000000.0,0.5195732089031557,0.677755968484307,346658000000.0,207.0,207.0,135.60249100596826,0.019003372394646247,0.009873643175067998,0.003006005886733414,0.006123723332844835,0.015997366507912832,0.012991360621179417,0.15818275958115127,0.8418172404188486,0.15818241486102264,1000000.0
EIB,2019,2700748000000.0,18345274000000.0,139278464000000.0,167538318000000.0,15749313000000.0,113254792000000.0,973397000000.0,144790000000.0,814984000000.0,8085390000000.0,0.0161201809367574,0.1317165157708804,32.75223320521024,0.0940042444499174,0.6759933688721884,0.831323040977408,1.7069220346985403,0.0580519756449927,0,207.0,123.55382486291882,469471.0,17648.0,2354475.0,-26613.0,1655878000000.0,467504000000.0,0.6131182916732698,0.7862199657280131,383536000000.0,207.0,207.0,123.55382486291882,0.016120180936757406,0.00988357779740871,0.002790430306218068,0.0034461728331306282,0.013329750630539337,0.010539320324321269,0.17310167405474336,0.8268983259452566,0.17310130378695085,1000000.0
EIB,2020,2438684000000.0,18605465000000.0,133917740000000.0,160435177000000.0,16819490000000.0,100767406000000.0,159488000000.0,479162000000.0,1895805000000.0,7505157000000.0,0.0152004320099949,0.1389320414158721,32.708911095296536,0.1048366718229132,0.6280879784861645,0.8347155686436523,2.5151535606662336,0.0560430380620222,0,207.0,129.02407306846428,491794.0,22323.0,2328318.0,-26157.0,1468998000000.0,474267000000.0,0.6023732472103807,0.7968498583662336,467956000000.0,207.0,207.0,129.02407306846428,0.015200432009994914,0.00915633358886125,0.002956128505408761,0.003087969915724903,0.012244303504586154,0.009288174999177393,0.19447661115585294,0.8055233888441471,0.19447620109862535,1000000.0
EIB,2021,2514159000000.0,20526786000000.0,137373791000000.0,165831996000000.0,17784908000000.0,114674630000000.0,326126000000.0,564576000000.0,1356594000000.0,6560189000000.0,0.0151608800511573,0.1494228691701461,32.74199631950496,0.1072465412525095,0.6915108830988201,0.8283913497609955,1.9597150651369009,0.047754298343561,0,207.0,124.82512723298584,514474.0,22680.0,2328318.0,0.0,1562230000000.0,491210000000.0,0.621372793049286,0.8167502532656049,432865000000.0,207.0,207.0,124.82512723298585,0.015160880051157318,0.009420558382472825,0.002962094239039371,0.002778227429645122,0.012198785812117946,0.009236691573078576,0.19537746021631885,0.8046225397836811,0.19537706246900055,1000000.0
EIB,2022,3475409000000.0,20276509000000.0,148614571000000.0,185056051000000.0,20479900000000.0,130505614000000.0,264618000000.0,450518000000.0,1631524000000.0,6578208000000.0,0.018780304568371,0.1364368841060679,32.85167987349657,0.1106686319595137,0.7052220843078512,0.8030786899262213,1.7981295425344692,0.0442635466747066,0,207.0,111.85800133603846,518454.0,3980.0,2354257.0,25939.0,2181150000000.0,539940000000.0,0.6275951981479014,0.7829553298618954,513815000000.0,207.0,207.0,111.85800133603846,0.018780304568371018,0.011786428966864748,0.0029177105913710437,0.0040761650101352265,0.015862593976999975,0.012944883385628932,0.15536013171399396,0.8446398682860061,0.15535984397807567,1000000.0
EIB,2023,3140808000000.0,24670283000000.0,156329168000000.0,201416835000000.0,22444999000000.0,140448924000000.0,446225000000.0,1412553000000.0,1868082000000.0,10102088000000.0,0.0155935724042133,0.1578098528612395,32.936397682590474,0.111435565949589,0.6973047908333978,0.776147475458047,2.653534034906526,0.0646206215336603,0,215.0,106.74380818266756,572711.0,54257.0,2349062.0,-5195.0,1731432000000.0,656777000000.0,0.5512696096036434,0.760380449871498,514300000000.0,215.0,215.0,106.74380818266756,0.015593572404213382,0.008596262571596857,0.0032607850282226907,0.003736524804393834,0.012332787375990691,0.009072002347768001,0.20911084026785465,0.7908891597321454,0.20911052187844656,1000000.0
EIB,2024,3400146000000.0,22699471000000.0,167447644000000.0,239767994000000.0,25099406000000.0,165154897000000.0,450668000000.0,758237000000.0,2971904000000.0,7310550000000.0,0.0141809836387086,0.1355616027658173,33.11069288005614,0.1046820536022001,0.6888112722834892,0.6983736286336866,2.531447190451761,0.0436587211701826,0,215.0,89.67001659112182,722565.0,149854.0,2347333.0,-1729.0,1866829000000.0,769807000000.0,0.549043776355486,0.7754478778264228,1080300000000.0,215.0,215.0,89.67001659112182,0.014180983638708676,0.007785980809431971,0.003210632858695894,0.003184369970580811,0.010970350780012782,0.007759717921316888,0.22640410147093684,0.7735958985290632,0.226403807365919,1000000.0
EIB,2025,4253362000000.0,23217403000000.0,177303877000000.0,273270407000000.0,26006343000000.0,184215863000000.0,701512000000.0,1091465000000.0,3479776000000.0,9542308000000.0,0.0155646637581214,0.1309469561119636,33.24148292272176,0.0951670665166462,0.6741156681484358,0.6488220914458549,2.8622687070114043,0.053818947230353,0,215.0,78.67664938926227,839751.0,117186.0,2347333.0,0.0,2350167000000.0,943616000000.0,0.5525433762750502,0.7743951725717209,240500000000.0,215.0,215.0,78.67664938926227,0.015564663758121457,0.00860015186349834,0.003453048613492935,0.0035114632811301815,0.012111615144628522,0.008658566531135586,0.22185179629667073,0.7781482037033293,0.22185156118853744,1000000.0
HDB,2015,2409584000000.0,5599115000000.0,74542719000000.0,106485935000000.0,9841679000000.0,56558835000000.0,288405000000.0,335861000000.0,272825000000.0,4677768000000.0,0.0226281902863509,0.0751128356345574,32.29903402662888,0.0924223372786274,0.5311390185004244,0.7000240829927445,1.586120011135307,0.0627528491414433,0,218.0,204.7218724238088,179793.0,20980.0,242467.0,73671.0,,,,,188107000000.0,218.0,218.0,204.7218724238088,0.022628190286350963,,,,,,,,,1000000.0
HDB,2016,3276988000000.0,9813269000000.0,103299771000000.0,150294272000000.0,9942643000000.0,82224372000000.0,376621000000.0,460699000000.0,361461000000.0,6643222000000.0,0.021803811658238,0.0949979743904756,32.64361630151548,0.066154503878897,0.547089193126402,0.6873167528300745,1.4579387727035482,0.0643101328849993,0,218.0,145.04877471311747,181223.0,1430.0,804824.0,562357.0,1467206000000.0,485936000000.0,0.4477300496675606,0.5960174404056408,118224000000.0,218.0,218.0,145.04877471311747,0.021803811658238047,0.009762221676685057,0.0032332303389446537,0.008808359642608336,0.018570581319293393,0.01533735098034874,0.1482873907380802,0.8517126092619198,0.14828708557980683,1000000.0
HDB,2017,4072277000000.0,14570147000000.0,120537469000000.0,189334271000000.0,14759106000000.0,104497028000000.0,513992000000.0,548566000000.0,520683000000.0,8259439000000.0,0.0215083987621026,0.1208764969173195,32.87453519843412,0.0779526385901895,0.5519181891798131,0.6366384086904161,1.515106247806397,0.0685217556708445,0,238.0,125.70360280944594,193208.0,11985.0,985740.0,180916.0,2003352000000.0,531612000000.0,0.4919488531845942,0.6224930180338911,196433000000.0,238.0,238.0,125.70360280944594,0.021508398762102608,0.010581032104853326,0.002807795953644335,0.008119570703604946,0.018700602808458273,0.015892806854813937,0.13054416484929685,0.8694558351507031,0.1305439192864336,1000000.0
HDB,2018,4441456000000.0,10697917000000.0,128060094000000.0,216057406000000.0,16828140000000.0,123131648000000.0,525191000000.0,626723000000.0,733036000000.0,9151374000000.0,0.0205568329372611,0.0835382566562851,33.006565256821034,0.0778873555484601,0.5699024637924237,0.5927132810249514,1.5308412017680455,0.0714615592895004,0,283.0,130.98370717271317,200159.0,6951.0,1036922.0,51182.0,2376730000000.0,566012000000.0,0.5351240674229352,0.6625624569960842,438175000000.0,283.0,283.0,130.98370717271317,0.020556832937261127,0.011000456054720938,0.002619729684248824,0.006936647198291365,0.0179371032530123,0.015317373568763478,0.12743838957314899,0.872561610426851,0.12743816442175718,1000000.0
HDB,2019,5080492000000.0,15314372000000.0,126018576000000.0,229477262000000.0,20381116000000.0,146324378000000.0,483922000000.0,583859000000.0,928884000000.0,9871512000000.0,0.0221394135337033,0.121524718704963,33.06682506426805,0.0888154051620155,0.6376421643029714,0.5491549572349351,1.3645470613242587,0.0783337846953611,0,283.0,123.32376529749602,214820.0,14661.0,357688.0,-678906.76,2615979000000.0,626753000000.0,0.5149066271534332,0.6382712540438997,625876000000.0,283.0,283.0,123.32376529749602,0.022139413533703394,0.011399730749794286,0.0027312204901590643,0.008008462293750044,0.019408193043544332,0.016676972553385266,0.12336462689046652,0.8766353731095335,0.12336443005913601,1000000.0
HDB,2020,6172829000000.0,21038455000000.0,174620270000000.0,319127480000000.0,24704048000000.0,178323092000000.0,815000000000.0,803467000000.0,738881000000.0,11239541000000.0,0.0193428312723178,0.1204811732337832,33.39661176270951,0.077411221371472,0.5587832548923709,0.5471802992333973,1.321953300361122,0.0643656145990382,0,305.0,95.57309198192522,320924.0,106104.0,359832.0,2144.0,3538343000000.0,672596000000.0,0.5732125416077458,0.682173279058921,949983000000.0,305.0,305.0,95.57309198192522,0.019342831272317885,0.011087553475495122,0.002107609159825409,0.0061476686369973535,0.017235222112492475,0.015127612952667065,0.10896073745117513,0.8910392625488248,0.1089605754508994,1000000.0
HDB,2021,6382768000000.0,23925107000000.0,183283117000000.0,374611571000000.0,30790113000000.0,203210901000000.0,1600455000000.0,878136000000.0,881482000000.0,12285433000000.0,0.0170383631849962,0.1305363384888309,33.556910794409696,0.082192103457477,0.5424576193883771,0.4892617612177281,1.6534905280499692,0.0670298126804554,0,326.0,87.02347317509847,333129.0,12205.0,637045.0,277213.0,3789826000000.0,761762000000.0,0.5937590086307383,0.7131056619949213,1927438000000.0,326.0,326.0,87.02347317509847,0.017038363184996227,0.010116681633413827,0.002033471624932803,0.0048882099266495975,0.015004891560063426,0.012971419935130624,0.11934665336418306,0.880653346635817,0.11934649669234412,1000000.0
HDB,2022,8630709000000.0,22236736000000.0,215797174000000.0,416273023000000.0,38994886000000.0,263856383000000.0,1848250000000.0,1414595000000.0,1141346000000.0,15311836000000.0,0.0207332892672221,0.1030446116963515,33.662362466204144,0.0936762265278958,0.6338541496118042,0.5184029761159901,1.669162197224541,0.0709547568032563,0,344.0,82.63807188869887,357930.0,24801.0,641030.0,3984.0,5428661000000.0,893167000000.0,0.6289936319252567,0.7324807266703118,2956818000000.0,344.0,344.0,82.63807188869887,0.020733289267222104,0.013041106917946974,0.0021456278707736483,0.005546554478501482,0.018587661396448456,0.016442033525674807,0.10348709474505512,0.8965129052549449,0.10348697887971893,1000000.0
HDB,2023,9129202000000.0,40325322000000.0,370777888000000.0,602314859000000.0,46400322000000.0,343404295000000.0,2610402000000.0,1907723000000.0,1641838000000.0,30456603000000.0,0.0151568600103222,0.1087587024607033,34.031801446103934,0.0770366550097015,0.5701408322719131,0.6155881470624652,1.793793231386346,0.0821424469627487,0,372.0,61.76171722172307,427194.0,69264.0,641030.0,0.0,5130179000000.0,996502000000.0,0.5619526219268672,0.6711080552276092,2187802000000.0,372.0,372.0,61.76171722172307,0.015156860010322275,0.008517437222979086,0.001654453621905416,0.004984969165437773,0.01350240638841686,0.011847952766511443,0.10915543330074194,0.890844566699258,0.10915532376214263,1000000.0
HDB,2024,11980755000000.0,51502553000000.0,437505165000000.0,697366458000000.0,56657261000000.0,442484841000000.0,4199973000000.0,1967085000000.0,2389173000000.0,27138452000000.0,0.0171799989267622,0.1177187313891482,34.17833215322912,0.0812446029631095,0.6345083505579214,0.627367662985592,1.9336777686356943,0.0620300151199357,0,368.0,52.769959865204754,562727.0,135533.0,727701.0,86671.0,6915153000000.0,1157439000000.0,0.577188415922035,0.6737966012993338,1769868000000.0,368.0,368.0,52.769959865204754,0.017179998926762263,0.00991609636608017,0.0016597285210984438,0.005604174039583648,0.015520270405663818,0.013860541884565375,0.09660818537729884,0.9033918146227011,0.096608101910105,1000000.0
HDB,2025,11600987000000.0,67857913000000.0,560714282000000.0,931103945000000.0,78285522000000.0,546370779000000.0,4017065000000.0,5500307000000.0,3802915000000.0,33246226000000.0,0.0124593898052918,0.1210204825851038,34.46739203573812,0.0840781766852035,0.5867989089016264,0.6022037442876477,2.437957429637722,0.0592926327494543,0,375.0,40.27477297392397,663687.0,100960.0,727701.0,0.0,6652127000000.0,1279178000000.0,0.5734104348190374,0.6836750183411119,4126040000000.0,375.0,375.0,40.27477297392397,0.012459389805291824,0.007144344125832267,0.0013738294278196833,0.003941216251639874,0.011085560377472142,0.009711730949652459,0.11026458352207445,0.8897354164779256,0.11026449732251231,1000000.0
KLB,2015,571923000000.0,397256000000.0,20080836000000.0,25322238000000.0,3373347000000.0,16217984000000.0,31282000000.0,30197000000.0,121083000000.0,1287136000000.0,0.0225857998807214,0.019782841710375,30.86270409792408,0.1332167796543101,0.6404640853624392,0.7930118972896472,1.1256762862757788,0.0640977297957117,0,103.0,406.7570962724543,52994.0,2522.0,645328.0,-33787.0,316943000000.0,110902000000.0,0.5541707537553132,0.7480814725059143,9047000000.0,103.0,103.0,406.75709627245425,0.022585799880721444,0.012516389744066065,0.0043796286884279344,0.005689781448227444,0.018206171192293508,0.013826542503865573,0.19391071875060104,0.8060892812493989,0.19390897026347953,1000000.0
KLB,2016,681680000000.0,479410000000.0,22889160000000.0,30451008000000.0,3363886000000.0,19766439000000.0,35559000000.0,23710000000.0,150381000000.0,1508068000000.0,0.0223861226531482,0.0209448490027593,31.04714021298482,0.1104687897359588,0.6491226497329744,0.7516716687999294,1.0606361621331997,0.0658856856258595,0,114.0,374.37184345424623,53750.0,756.0,705743.0,60415.0,375114000000.0,137000000000.0,0.5502787231545593,0.7512527872315455,24981000000.0,114.0,114.0,374.37184345424623,0.022386122653148297,0.0123186069899558,0.004499030048529099,0.005568485614663397,0.0178870926046192,0.0133880625560901,0.20097406407698626,0.7990259359230137,0.2009725971130149,1000000.0
KLB,2017,806203000000.0,766333000000.0,26124192000000.0,37326805000000.0,3551597000000.0,24685503000000.0,33115000000.0,23136000000.0,150859000000.0,1867071000000.0,0.0215985000591398,0.029334227829898,31.25073281719325,0.0951487007795068,0.6613344753187421,0.6998775276908913,0.8389944494953172,0.0714690429468593,0,117.0,313.44766850524707,62175.0,8424.0,687916.0,-17827.0,440189000000.0,171565000000.0,0.5460026817067165,0.7588088856032538,48102000000.0,117.0,117.0,313.44766850524707,0.021598500059139807,0.01179283895313301,0.004596294807444677,0.00520936629856212,0.01700220525169513,0.012405910444250452,0.2128062038965372,0.7871937961034627,0.2128049635141521,1000000.0
KLB,2018,928436000000.0,918220000000.0,29206157000000.0,42309803000000.0,3750147000000.0,29471994000000.0,63407000000.0,44399000000.0,169912000000.0,2196765000000.0,0.0219437561550452,0.0314392612489209,31.376039924540017,0.0886354162414795,0.6965760157285535,0.6902929091870269,0.9423115382013176,0.0752158183632307,0,134.0,316.7114722798402,68257.0,6082.0,683232.0,-4684.0,502088000000.0,198470000000.0,0.5407890258456156,0.7545571261777871,55959000000.0,134.0,134.0,316.7114722798402,0.021943756155045204,0.011866942514480628,0.004690875067416409,0.005385938573148167,0.017252881087628794,0.012562006020212384,0.2137681003321715,0.7862318996678285,0.2137670232520066,1000000.0
KLB,2019,1041601000000.0,1506970000000.0,32920772000000.0,51102121000000.0,3791854000000.0,33479645000000.0,37763000000.0,65241000000.0,238952000000.0,2889998000000.0,0.020382735190189,0.0457756579948975,31.56484711912613,0.0742014993859061,0.6551517695322274,0.644215374152474,1.0213847846952977,0.0877864589566733,0,134.0,262.22003583765144,90123.0,21866.0,708653.0,25421.0,577443000000.0,221296000000.0,0.5543802281295813,0.7668377814537428,76456000000.0,134.0,134.0,262.22003583765144,0.020382735190189072,0.011299785384641863,0.004330466048561859,0.0047524837569853495,0.01605226914162721,0.011721803093065352,0.21245755332416158,0.7875424466758384,0.21245659326363936,1000000.0
KLB,2020,1085478000000.0,1356564000000.0,42017697000000.0,57281987000000.0,3918172000000.0,34716197000000.0,51165000000.0,49953000000.0,1781686000000.0,2980182000000.0,0.0189497267264838,0.0322855391146259,31.67900732722509,0.0684014679867861,0.6060578345510256,0.7335237340841546,5.423416625962804,0.0709268287597961,0,134.0,233.93043261575409,90611.0,488.0,710761.0,2108.0,627372000000.0,207814000000.0,0.5779684157578504,0.7694177127495905,86979000000.0,134.0,134.0,233.93043261575406,0.018949726726483842,0.010952343535150065,0.003627911859970919,0.004369471331362859,0.015321814866512923,0.011693903006542005,0.19144929699174004,0.8085507030082599,0.1914483757386147,1000000.0
KLB,2021,1227211000000.0,7949405000000.0,51397605000000.0,83822488000000.0,4679417000000.0,38387339000000.0,98389000000.0,95906000000.0,531881000000.0,3518179000000.0,0.0146405938225073,0.1546648914866753,32.059722440638254,0.0558253174255576,0.4579599092787606,0.6131720284895386,1.891707054766156,0.0684502517189273,0,134.0,159.8616352213263,98250.0,7639.0,686287.0,-24474.0,761402000000.0,205471000000.0,0.6204328351033359,0.7878620709886075,255650000000.0,134.0,134.0,159.8616352213263,0.014640593822507392,0.009083505132894647,0.0024512634366090397,0.0031058252530037057,0.012189330385898353,0.009738066949289314,0.16742923588527156,0.8325707641147285,0.16742842102947253,1000000.0
KLB,2022,1459022000000.0,2051780000000.0,52195871000000.0,85760181000000.0,5183574000000.0,44702595000000.0,75282000000.0,121976000000.0,647757000000.0,3284730000000.0,0.0170128139071907,0.0393092396139916,32.08257592378986,0.0604426662765555,0.5212511736653168,0.6086259426154896,1.890304131113641,0.0629308398742881,0,134.0,156.24967022865775,114325.0,16075.0,686287.0,0.0,957263000000.0,189687000000.0,0.6560990855518286,0.7861087769752615,396044000000.0,134.0,134.0,156.24967022865775,0.017012813907190796,0.011162091647171314,0.0022118306863181643,0.0036388915737013182,0.014800983220872633,0.01258915253455447,0.13000969142343297,0.8699903085765671,0.1300090060328083,1000000.0
KLB,2023,1645837000000.0,3403885000000.0,56897722000000.0,86972602000000.0,5757558000000.0,51783052000000.0,229607000000.0,320567000000.0,451397000000.0,5741323000000.0,0.0189236260862932,0.059824627073822,32.09661426544533,0.0661996751574708,0.595394995771197,0.6542028258508352,1.9341675728189984,0.0966493725732364,0,134.0,154.0715086344088,148559.0,34234.0,686287.0,0.0,1023502000000.0,199696000000.0,0.6218732474722588,0.7432072556395317,512733000000.0,134.0,134.0,154.07150863440881,0.018923626086293246,0.011768096808233932,0.002296079402108724,0.00485944987595059,0.01662754668418452,0.014331467282075797,0.12133400816727294,0.8786659918327271,0.12133340057368987,1000000.0
KLB,2024,2021575000000.0,4076479000000.0,63521494000000.0,92176268000000.0,6604952000000.0,61431909000000.0,231594000000.0,170332000000.0,838649000000.0,3920020000000.0,0.0219316212715403,0.0641747972741321,32.15472381639569,0.0716556673785057,0.6664612305631641,0.6891306773235818,2.019430976823461,0.0617117097403282,0,134.0,145.37364433109835,227825.0,79266.0,686287.0,0.0,1323461000000.0,259850000000.0,0.6546682660796657,0.7832066581749378,480475000000.0,134.0,134.0,145.37364433109835,0.021931621271540306,0.014357936470155203,0.002819055334286261,0.004754629467098842,0.019112565937254043,0.016293510602967784,0.12853839209527224,0.8714616079047277,0.12853789743145816,1000000.0
KLB,2025,2061000000000.0,5840326000000.0,72010409000000.0,103302689000000.0,8416503000000.0,71587702000000.0,239102000000.0,470205000000.0,625418000000.0,4629566000000.0,0.0199510779433824,0.081103913741137,32.26868452269308,0.0814741908606077,0.6929897245946812,0.6970816509916794,1.8644613009089188,0.0642902333744556,0,134.0,129.71588764741642,229825.0,2000.0,686287.0,0.0,1288892000000.0,287893000000.0,0.6253721494420185,0.7650582241630277,877846000000.0,134.0,134.0,129.71588764741642,0.01995107794338248,0.012476848497138347,0.002786887764364004,0.00468734168188013,0.017164190179018476,0.014377302414654472,0.13968607472100922,0.8603139252789908,0.13968558951965065,1000000.0
LPB,2015,1563456000000.0,,77628984000000.0,107587385000000.0,7600520000000.0,56164794000000.0,108688000000.0,45832000000.0,388153000000.0,4348857000000.0,0.0145319639472601,,32.30932451700616,0.0706450853880313,0.5220388431227323,0.7215435527129876,0.9662155976215278,0.0560210474994751,0,131.0,121.76148718550972,,,,,679507000000.0,414902000000.0,0.4346185629784272,0.6999934759916493,6045000000.0,131.0,131.0,121.76148718550971,0.014531963947260173,0.00631586128801253,0.0038564186684154466,0.004359683990832195,0.010675545278844727,0.00681912661042928,0.26537491301322197,0.734625086986778,0.26537427340456016,1000000.0
LPB,2016,2031488000000.0,,110984894000000.0,141865255000000.0,8331885000000.0,79676162000000.0,160520000000.0,109998000000.0,617025000000.0,4884081000000.0,0.0143198417399665,,32.58589881458047,0.058730976799076,0.5616326703814828,0.782326116426464,1.113937942944591,0.0440067186080296,0,134.0,94.4558271156669,114343.0,81.0,373270.0,25000.0,1023221000000.0,454633000000.0,0.5036805533677777,0.7274736547791569,76065000000.0,134.0,134.0,94.4558271156669,0.014319841739966562,0.007212625811725359,0.0032046817947072384,0.0039025341335339643,0.011115159945259323,0.007910478150552085,0.22379310141137926,0.7762068985886207,0.22323735114359525,1129000000.0
LPB,2017,2813096000000.0,36412964000000.0,128275377000000.0,163433639000000.0,9383258000000.0,100621236000000.0,189204000000.0,154283000000.0,730402000000.0,6282936000000.0,0.0172124662781326,0.283865577725022,32.72742814619938,0.0574132599470541,0.6156702904963157,0.7848774449671282,1.0672588040957875,0.0489800626350916,0,227.0,138.89429458276945,160828.0,46485.0,373270.0,0.0,1506146000000.0,565216000000.0,0.5354051194840134,0.7363282305331919,64880000000.0,227.0,227.0,138.89429458276945,0.01721246627813262,0.009215642564258145,0.0034583822734314813,0.0045384414404429935,0.013754084004701139,0.010295701731269657,0.20092311104917854,0.7990768889508214,0.1956755119626205,14762000000.0
LPB,2018,3048068000000.0,22719344000000.0,124948075000000.0,175094532000000.0,10200892000000.0,119193424000000.0,501728000000.0,233610000000.0,945117000000.0,8840534000000.0,0.0174081278563284,0.1818302843000982,32.79634712686297,0.0582593407314398,0.6807375572413649,0.7136035236097493,1.4098554631671625,0.0707536630716399,0,388.0,221.5945841187091,203950.0,43122.0,373270.0,0.0,1620343000000.0,662755000000.0,0.5315967360308235,0.7490311895928831,152825000000.0,388.0,388.0,221.5945841187091,0.01740812785632849,0.00925410394883148,0.0037851267679792537,0.004368897139517756,0.013623001088349237,0.009837874320369984,0.21743445356205965,0.7825655464379404,0.210146230333444,22215000000.0
LPB,2019,4032180000000.0,19684437000000.0,136847259000000.0,202058040000000.0,12579800000000.0,140522626000000.0,279874000000.0,324179000000.0,1426284000000.0,10198972000000.0,0.0199555533647658,0.1438423914650713,32.939576098792,0.0622583491357235,0.6954567410433161,0.6772670812802104,1.4448470383694652,0.0745281423576046,0,538.0,266.26013001016935,220762.0,16812.0,373270.0,0.0,1864881000000.0,726329000000.0,0.4624994419891969,0.6426325213656137,393411000000.0,538.0,538.0,266.26013001016935,0.019955553364765885,0.009229432295789862,0.003594655278255693,0.0071314657907203295,0.016360898086510194,0.0127662428082545,0.18013307937641673,0.8198669206235834,0.1743957363014548,23134000000.0
LPB,2020,4645147000000.0,25281802000000.0,174525987000000.0,242342951000000.0,14231726000000.0,176621536000000.0,404729000000.0,356353000000.0,1766267000000.0,11148984000000.0,0.019167658810922,0.1448598139141307,33.12137499176433,0.0587255620238774,0.7288082251668215,0.7201611859550229,1.4309404488476425,0.063881512384743,0,556.0,229.42693307386523,251945.0,31183.0,373270.0,0.0,2239354000000.0,810693000000.0,0.482084635857595,0.656609360263518,626801000000.0,556.0,556.0,229.42693307386523,0.01916765881092205,0.009240433818105978,0.003345230371482932,0.0065819946213331385,0.015822428439439117,0.012477198067956184,0.17452472440592298,0.825475275594077,0.1692652568368665,24431000000.0
LPB,2021,5090421000000.0,17846441000000.0,180276346000000.0,289193879000000.0,16801877000000.0,208954136000000.0,460296000000.0,1069630000000.0,1333528000000.0,11908392000000.0,0.0176021049186867,0.0989949119558924,33.29811844070563,0.0580990063071148,0.7225399677287084,0.6233753861712958,1.3703744059892644,0.0660563200010721,0,556.0,192.25856436608743,262760.0,10815.0,409789.0,36519.0,2737169000000.0,855389000000.0,0.5377097493507904,0.7057486993708378,857882000000.0,556.0,556.0,192.25856436608743,0.01760210491868675,0.009464823423873366,0.002957839228678834,0.005179442266134549,0.014644265690007915,0.011686426461329082,0.16803895002004746,0.8319610499799526,0.1628405587671432,26462000000.0
LPB,2022,5306893000000.0,18760984000000.0,215888025000000.0,327745847000000.0,24055154000000.0,235506871000000.0,1069695000000.0,1004566000000.0,1352557000000.0,13325675000000.0,0.0161920983853076,0.086901457364298,33.42325956724875,0.0733957553396549,0.7185655383758379,0.6587056006235221,1.4550819623432558,0.0617249381942328,0,561.0,171.16921698171817,269167.0,6407.0,409789.0,0.0,3038695000000.0,884358000000.0,0.5725939829576364,0.7392372523810071,1661862000000.0,561.0,561.0,171.16921698171817,0.016192098385307687,0.009271498106885242,0.0026983042137525546,0.004222296064669891,0.013493794171555133,0.010795489957802579,0.1666432694233707,0.8333567305766293,0.16579833058627713,4484000000.0
LPB,2023,5759872000000.0,22919137000000.0,237391609000000.0,382863179000000.0,34117400000000.0,275430884000000.0,812753000000.0,1706597000000.0,1169301000000.0,21150522000000.0,0.0150442046034413,0.0965456913011613,33.57869880629863,0.0891112070090187,0.7193976833170473,0.6200429344499592,1.3392292637742105,0.0890954911552918,0,566.0,147.83349014609732,371819.0,102652.0,624217.0,214428.0,3233810000000.0,1023185000000.0,0.5614378236183026,0.7390780559012422,3565627000000.0,566.0,566.0,147.83349014609732,0.015044204603441377,0.008446385490624576,0.0026724560002673956,0.003925363112549405,0.012371748603173981,0.009699292602906586,0.17764023228293963,0.8223597677170604,0.17342538167514834,24277000000.0
LPB,2024,5810443000000.0,27721935000000.0,283171846000000.0,508330398000000.0,43338300000000.0,331606315000000.0,855049000000.0,1921132000000.0,2422462000000.0,18743291000000.0,0.0114304456763964,0.0978979209677504,33.86215274185905,0.0852561644365796,0.652344058715922,0.5570625858971353,1.5677153192936029,0.0661905174005186,0,566.0,111.34490524802337,634205.0,262386.0,624217.0,0.0,3150672000000.0,1173005000000.0,0.5422429924878361,0.7441217476877409,3210999000000.0,566.0,566.0,111.34490524802335,0.011430445676396476,0.006198079069038873,0.0023075641445310536,0.0029248024628265494,0.009122881531865423,0.006815317387334369,0.20187875519990472,0.7981212448000953,0.19810468840327664,21929000000.0
LPB,2025,6190125000000.0,28540907000000.0,337583366000000.0,605584514000000.0,47192474000000.0,391746491000000.0,953049000000.0,1389832000000.0,4255424000000.0,23257395000000.0,0.0102217359541,0.0845447669361765,34.03721524639062,0.077928799216289,0.6468898757209633,0.5574504601681409,1.6843303390304012,0.0688937825212632,0,566.0,93.46342036745015,839103.0,204898.0,638041.0,13824.0,3170041000000.0,1471961000000.0,0.512112598695503,0.7499044041921609,3198621000000.0,566.0,566.0,93.46342036745015,0.010221735954100041,0.0052346797626334285,0.0024306450478355527,0.00255641114363106,0.0077910909062644884,0.005360445858428936,0.237791805496658,0.762208194503342,0.2311331354374912,41218000000.0
MBB,2015,3449129000000.0,56547885000000.0,181565384000000.0,221041993000000.0,23183051000000.0,121348630000000.0,425343000000.0,442136000000.0,1082115000000.0,6219098000000.0,0.0156039535890359,0.3114463988355842,33.02937381297067,0.1048807544908446,0.5489845090204195,0.8214067450975254,1.6066056946831622,0.0354836505465313,0,250.0,113.1006812809546,363495.0,97426.0,933908.0,19320.0,1660746000000.0,599752000000.0,0.4814972127745874,0.6553822718721162,543838000000.0,250.0,250.0,113.1006812809546,0.015603953589035907,0.00751326016138481,0.0027132943919846034,0.005377399035666495,0.012890659197051305,0.010177364805066702,0.1738850590975287,0.8261149409024714,0.15914626562242237,50836000000.0
MBB,2016,4174668000000.0,66096129000000.0,194812397000000.0,256258500000000.0,26588446000000.0,150737702000000.0,896027000000.0,476547000000.0,614623000000.0,7573533000000.0,0.0162908469377601,0.3392809185546852,33.177207816562735,0.1037563475943237,0.5882251788721155,0.7602182834910842,1.318314511654158,0.0388760321038501,0,265.0,103.41120392104068,436531.0,73036.0,964940.0,31032.0,2222110000000.0,821682000000.0,0.5322842439207142,0.7291099555701196,682640000000.0,265.0,265.0,103.41120392104067,0.016290846937760114,0.008671361145093724,0.0032064575418961714,0.004413028250770218,0.013084389395863942,0.009877931853967771,0.1968257116494054,0.8031742883505946,0.17971105726251763,71448000000.0
MBB,2017,5999239000000.0,66297035000000.0,220176022000000.0,313877828000000.0,29601170000000.0,184188142000000.0,735553000000.0,668431000000.0,813673000000.0,8657074000000.0,0.0191132933416373,0.3011092415867155,33.3800249433219,0.0943079356341155,0.5868147590214623,0.701470452382511,1.2040172488411334,0.0393188773298847,0,282.0,89.84387390370243,621885.0,185354.0,980764.0,15824.0,3410749000000.0,967191000000.0,0.5685302752565784,0.7297492231931416,1130676000000.0,282.0,282.0,89.84387390370243,0.01911329334163737,0.010866485924580822,0.003081425044141697,0.005165382372914852,0.016031868297495675,0.01295044325335398,0.16121894793656327,0.8387810520634368,0.14342652459753644,106741000000.0
MBB,2018,8733802000000.0,76888783000000.0,239964318000000.0,362325062000000.0,34172858000000.0,214685958000000.0,1099661000000.0,797692000000.0,962335000000.0,10240868000000.0,0.0241048796122195,0.3204175672484773,33.5235628861542,0.0943154685777711,0.5925230697952658,0.6622901454164383,1.3320330899331572,0.042676628281043,0,296.0,81.69459721226792,743180.0,121295.0,1075116.0,94352.0,4968364000000.0,1128422000000.0,0.5688661135207782,0.6980678059795722,2561310000000.0,296.0,296.0,81.69459721226792,0.024104879612219594,0.013712449181889604,0.0031143912424142495,0.00727803918791574,0.020990488369805344,0.017876097127391095,0.129201692458794,0.870798307541206,0.11745194131948491,102620000000.0
MBB,2019,9723706000000.0,92352406000000.0,272709512000000.0,411487575000000.0,39885814000000.0,250330623000000.0,1380392000000.0,899344000000.0,617902000000.0,13196607000000.0,0.0236306187373944,0.3386475422976812,33.65079994117912,0.0969307858202036,0.6083552413459872,0.6627405748521082,1.1575243832633293,0.0483907103320987,0,296.0,71.93412826620585,872307.0,129127.0,1102024.0,26908.0,6064062000000.0,1254228000000.0,0.6236369137446155,0.7526235367461748,3185837000000.0,296.0,296.0,71.93412826620585,0.02363061873739444,0.014736926139264351,0.0030480337103738794,0.005845658887756209,0.02058258502702056,0.01753455131664668,0.12898662300155928,0.8710133769984407,0.11911970600509723,95943000000.0
MBB,2020,10555457000000.0,115194453000000.0,310960354000000.0,494982162000000.0,50099495000000.0,298296983000000.0,889758000000.0,973564000000.0,1384484000000.0,12489598000000.0,0.0213249240282723,0.3704473947183633,33.83554284148428,0.1012147484215805,0.6026418846988671,0.6282253743115697,1.0887827182616865,0.0401645992466293,0,296.0,59.80013477738214,1169487.0,297180.0,1102024.0,0.0,5998888000000.0,1603540000000.0,0.5683210115867082,0.7202367457894054,3575553000000.0,296.0,296.0,59.80013477738214,0.021324924028272355,0.012119402395757446,0.003239591490571735,0.005965930141943175,0.01808533253770062,0.014845741047128883,0.15191573420269724,0.8480842657973027,0.13221436078040014,207957000000.0
MBB,2021,12377188000000.0,171396096000000.0,384692155000000.0,607140419000000.0,62486023000000.0,363554778000000.0,1433433000000.0,1015111000000.0,819491000000.0,12265378000000.0,0.0203860385714165,0.3976197281155396,34.03978121301893,0.102918568826168,0.5987985095750972,0.6336131526766298,0.898911305189888,0.0354836505465313,0,296.0,48.753136957597285,1811224.0,641737.0,1102024.0,0.0,6710310000000.0,2186760000000.0,0.5421514159759067,0.718828056905979,4367378000000.0,296.0,296.0,48.753136957597285,0.02038603857141654,0.011052319677632927,0.0036017368166687646,0.005731982077114849,0.016784301754747776,0.013182564938079011,0.17667664093007232,0.8233233590699277,0.14650726804828368,373412000000.0
MBB,2022,14815628000000.0,166971567000000.0,443605638000000.0,728532373000000.0,79613219000000.0,460574482000000.0,1517212000000.0,1220770000000.0,2293312000000.0,16462690000000.0,0.0203362658257603,0.3763964041412837,34.22205317846254,0.1092789036569003,0.6321949429692674,0.6089031241992592,1.0923953012229628,0.037111092803559,0,296.0,40.62962895953561,2439978.0,628754.0,1102024.0,0.0,8154390000000.0,2568050000000.0,0.5503911140317508,0.7237249747361367,4135568000000.0,296.0,296.0,40.62962895953561,0.020336265825760362,0.011192900003086067,0.0035249634678897104,0.005618402354784585,0.01681130235787065,0.01328633888998094,0.17333386070438592,0.8266661392956139,0.14134831139118773,473886000000.0
MBB,2023,14912941000000.0,216092296000000.0,567532577000000.0,944953640000000.0,96711159000000.0,611048830000000.0,3210741000000.0,3704226000000.0,2889691000000.0,30459195000000.0,0.0157816641671436,0.3807575190525142,34.48215698401784,0.1023448716489414,0.6466442417217421,0.6005930375589643,1.6045621100362797,0.0536695094420985,0,306.0,32.38254101016003,3020072.0,580094.0,1153177.0,51153.0,7996974000000.0,2843585000000.0,0.5362439239852153,0.7269229456483466,4085225000000.0,306.0,306.0,32.38254101016003,0.015781664167143692,0.008462821520005997,0.003009232283607056,0.004309610363530639,0.012772431883536637,0.009763199599929582,0.19067902166313136,0.8093209783368687,0.15366077019952,552051000000.0
MBB,2024,17007250000000.0,271579760000000.0,714154479000000.0,1128801062000000.0,117059581000000.0,776657846000000.0,3379646000000.0,4599274000000.0,4606512000000.0,27909674000000.0,0.0150666495386412,0.3802815328978704,34.659932457288825,0.1037025787277298,0.6880378413393095,0.6326663776650486,1.6204602921116953,0.0390807238779496,0,319.0,28.26007263270984,3798646.0,778574.0,1153177.0,0.0,9381603000000.0,3156134000000.0,0.5516237486954093,0.7371995472519073,4368249000000.0,319.0,319.0,28.26007263270984,0.015066649538641202,0.00831112169878522,0.002796005519704233,0.003959522320151749,0.012270644018936969,0.009474638499232736,0.18557579855649797,0.814424201443502,0.14189166384924076,742947000000.0
MBB,2025,19681153000000.0,339352789000000.0,921368132000000.0,1615763927000000.0,142022525000000.0,1084019370000000.0,3276216000000.0,4330016000000.0,6421264000000.0,37477999000000.0,0.0121807107282944,0.3683140074134884,34.668147232809,0.0878980664357906,0.6709020741741067,0.5702368499528954,1.2940263235333147,0.0406764654629925,0,327.0,20.23810499391103,4473644.0,674998.0,1185389.0,32212.0,11212709000000.0,3029987000000.0,0.569718095276227,0.7236718295925041,6578681000000.0,327.0,327.0,27.2746987880893,0.012180710728294407,0.006939571315234592,0.001875265903247263,0.0033658735098125512,0.010305444825047144,0.008430178921799881,0.1539537343162771,0.846046265683723,0.12454422766796233,578813000000.0
MSB,2015,1808858000000.0,11593269000000.0,62615688000000.0,104311276000000.0,13616249000000.0,28091320000000.0,92388000000.0,182632000000.0,683094000000.0,7604795000000.0,0.0173409632147535,0.1851495906265535,32.27840058330932,0.1305347755500565,0.36535153127600906,0.600277270119867,3.4107119209777257,0.0966493725732364,0,270.0,258.8406645509734,290298.0,117208.0,230975.0,31720.0,776687000000.0,436158000000.0,0.4293797523078096,0.6705031572406458,38644000000.0,270.0,270.0,258.8406645509734,0.017340963214753504,0.007445858489929699,0.004181312095156424,0.005713792629667381,0.01315965111959708,0.008978339024440656,0.24112340493283607,0.7588765950671639,0.17539242991987208,118898000000.0
MSB,2016,1897097000000.0,,57586806000000.0,92605862000000.0,13599986000000.0,35118872000000.0,81464000000.0,72948000000.0,675955000000.0,4094906000000.0,0.0204857118008361,,32.15937356011267,0.1468588025237538,0.3792294703762922,0.6218483879562613,2.364446671293998,0.0711084063248793,0,270.0,291.5582169085581,300234.0,9936.0,143451.0,-87524.0,813338000000.0,381631000000.0,0.4287276823483459,0.6298934635392919,93035000000.0,270.0,270.0,291.5582169085581,0.020485711800836106,0.008782791741628625,0.004121024217667775,0.007581895841539706,0.01636468758316833,0.012243663365500554,0.20116578119094594,0.7988342188090539,0.18585449241657123,29047000000.0
MSB,2017,2065862000000.0,,56848515000000.0,112238978000000.0,13721942000000.0,36212703000000.0,130880000000.0,35179000000.0,640331000000.0,4521262000000.0,0.0184059231187939,,32.35165144619306,0.1222564767116821,0.36535153127600906,0.5064953014807387,2.226815269768733,0.0795317520607178,0,264.0,235.21240544439027,348850.0,48616.0,70065.0,-73386.0,943388000000.0,400529000000.0,0.4566558656870594,0.6505357085807281,136523000000.0,264.0,264.0,235.21240544439027,0.0184059231187939,0.00840517275558229,0.003568537482584704,0.006432212880626905,0.014837385636209195,0.01126884815362449,0.1938798428936686,0.8061201571063313,0.1763980362676694,36115000000.0
MSB,2018,2923739000000.0,13272952000000.0,63528770000000.0,137768688000000.0,13820154000000.0,48762243000000.0,185203000000.0,38181000000.0,1242518000000.0,4609175000000.0,0.0212220864003582,0.2089282068580896,32.55659722082147,0.1003141875024606,0.36535153127600906,0.4640455663541391,3.0062234831978505,0.0725525616189326,0,272.0,197.43238028077903,399067.0,50217.0,52233.0,-17832.0,1198076000000.0,431664000000.0,0.4097752911597102,0.5574163767696091,271586000000.0,272.0,272.0,197.43238028077906,0.021222086400358258,0.008696286633723332,0.0031332518750559635,0.009392547891578963,0.018088834525302293,0.01495558265024633,0.14764108560989883,0.852358914390101,0.13144675362609315,47348000000.0
MSB,2019,2502184000000.0,15891920000000.0,80872643000000.0,156977946000000.0,14863521000000.0,63594389000000.0,151287000000.0,167823000000.0,981332000000.0,5532701000000.0,0.0159397167803431,0.1965055105222664,32.687126440072255,0.0946854088662875,0.4051167098338769,0.515184744486337,2.044900533598963,0.0684125162077366,0,278.0,177.09494045743216,433920.0,34853.0,52233.0,0.0,1453705000000.0,470635000000.0,0.5809744607111228,0.7690641455624366,522253000000.0,278.0,278.0,177.09494045743216,0.015939716780343144,0.009260568360347892,0.002998096305833942,0.0036810521141613095,0.012941620474509202,0.00994352416867526,0.18808968485131392,0.8119103151486861,0.16961782187081367,46220000000.0
MSB,2020,3585922000000.0,23326844000000.0,87510188000000.0,176697625000000.0,16874819000000.0,79340579000000.0,295721000000.0,394154000000.0,867771000000.0,5197303000000.0,0.0202941154415629,0.2665614659632545,32.805461054303656,0.0955011081784489,0.4490189327672061,0.4952539005546905,1.963240021225456,0.0593908334421587,0,263.0,148.84184210172606,398808.0,-4555.16,52233.0,0.0,2088008000000.0,491825000000.0,0.5822792576079457,0.7194336630858117,820670000000.0,263.0,263.0,148.84184210172606,0.02029411544156295,0.011816842473123224,0.0027834273380867454,0.005693845630352981,0.017510688103476203,0.014727260765389457,0.13715440547786595,0.8628455945221339,0.1240174772345857,47108000000.0
MSB,2021,3931913000000.0,32268015000000.0,94616419000000.0,203665423000000.0,22037785000000.0,101562609000000.0,344979000000.0,469210000000.0,954604000000.0,4122347000000.0,0.019305746366186,0.3410403325452424,32.94749968003041,0.1082058244123255,0.4986737930473353,0.4645679055693218,1.7415789308839045,0.0435690448187433,0,263.0,129.13335809584134,444085.0,45277.0,52233.0,0.0,2397659000000.0,526152000000.0,0.6097945198685729,0.7436102986001979,2873439000000.0,263.0,263.0,129.13335809584134,0.019305746366186077,0.011772538336072884,0.00258341348398643,0.004949794546126762,0.016722332882199646,0.014138919398213216,0.13381577873162503,0.8661842212683749,0.12170513437097921,47618000000.0
MSB,2022,4427964000000.0,34736911000000.0,117120779000000.0,212775858000000.0,26653998000000.0,120643542000000.0,616555000000.0,442851000000.0,1009347000000.0,4930323000000.0,0.0208104624350756,0.2965905050887682,32.99126041771206,0.1252679615560521,0.566998263496604,0.5504420478003665,1.7147648068887102,0.0420960570967513,0,263.0,123.60424837295216,546134.0,102049.0,52233.0,0.0,2647866000000.0,574742000000.0,0.5979872465087792,0.7277855014178074,1112464000000.0,263.0,263.0,123.60424837295216,0.020810462435075693,0.012444391130125299,0.0027011617079227097,0.005664909597027684,0.018109300727152982,0.015408139019230271,0.12979825490902816,0.8702017450909718,0.11872318745138849,49040000000.0
MSB,2023,4812331000000.0,33317559000000.0,132350131000000.0,267005838000000.0,31298212000000.0,149145386000000.0,1032207000000.0,1441280000000.0,1807342000000.0,9762570000000.0,0.0180233175276115,0.2517380130133758,33.2182916392583,0.1172192047725937,0.5585847377614268,0.4956825363496359,2.870238976082036,0.0737632061731771,0,263.0,98.4997189462202,556624.0,10490.0,52233.0,0.0,2838027000000.0,639932000000.0,0.5897406059558248,0.7227181588298893,1597025000000.0,263.0,263.0,98.4997189462202,0.018023317527611514,0.010629082200067851,0.0023966966594940143,0.004997538668049649,0.0156266208681175,0.013229924208623484,0.13297755287406454,0.8670224471259355,0.12484698163945912,39127000000.0
MSB,2024,5229935000000.0,38536725000000.0,154612451000000.0,320148089000000.0,36817557000000.0,176493451000000.0,773190000000.0,1004586000000.0,2943465000000.0,8438193000000.0,0.0163359869375949,0.2492472291251627,33.39980478279855,0.1150016453791795,0.5512869108520588,0.4829404151152062,2.675023335568412,0.0545764131247101,0,260.0,81.2124166700867,574675.0,18051.0,69315.0,17082.0,2901850000000.0,803478000000.0,0.5548539322190429,0.7084845222741774,1354055000000.0,260.0,260.0,81.2124166700867,0.016335986937594995,0.009064086589003503,0.0025097073123556894,0.004762193036235802,0.013826279625239305,0.011316572312883615,0.15363059005513455,0.8463694099448654,0.14764906256005095,31283000000.0
MSB,2025,5067703000000.0,55328682000000.0,196671626000000.0,407673941000000.0,42446058000000.0,205208835000000.0,889398000000.0,1461694000000.0,3169256000000.0,10653757000000.0,0.0124307749167612,0.2813251871929914,33.641488806615065,0.1041176629928377,0.503365102259504,0.4824238348852422,2.6901122458981845,0.0541702797535217,0,260.0,63.77645805916253,617831.0,43156.0,69315.0,0.0,2341676000000.0,1046496000000.0,0.4620783814678958,0.6685814066057146,1752864000000.0,260.0,260.0,63.77645805916253,0.012430774916761237,0.005743992353928749,0.0025669926251185135,0.004119789937713975,0.009863782291642724,0.0072967896665242105,0.20650302513781885,0.7934969748621812,0.2003268541980459,31299000000.0
NAB,2015,588530000000.0,699594000000.0,24368265000000.0,35469965000000.0,3414621000000.0,20866403000000.0,79859000000.0,23607000000.0,87063000000.0,1618223000000.0,0.0165923479202756,0.0287092248873688,31.199707397964225,0.0962679551558621,0.5882837211708554,0.6870112502225474,0.9130898123648816,0.0664069846581199,0,58.0,163.5186276614595,,,374463.0,-45991.0,238208000000.0,57447000000.0,0.4047508198392605,0.5023618167298184,42929000000.0,58.0,58.0,163.5186276614595,0.016592347920275648,0.006715766423789818,0.00161959562125308,0.00825698587523275,0.01497275229902257,0.01335315667776949,0.09761099689055783,0.9023890031094423,0.09760929774183134,1000000.0
NAB,2016,781533000000.0,1538534000000.0,34080117000000.0,42851605000000.0,3433072000000.0,24039291000000.0,285315000000.0,97986000000.0,322656000000.0,2062781000000.0,0.0182381266699345,0.0451446220093669,31.38876421651357,0.0801153655738215,0.5609892791646894,0.7953054967252685,2.936679788101904,0.060527403705803,0,68.0,158.68717169403573,76461.0,0.0,373951.0,-512.0,323855000000.0,61910000000.0,0.4143842934335466,0.493600398191759,23931000000.0,68.0,68.0,158.68717169403573,0.018238126669934532,0.007557593233672344,0.0014447533528790812,0.009235780083383107,0.01679337331705545,0.01534861996417637,0.07921610475821239,0.9207838952417877,0.06745076663429439,9195000000.0
NAB,2017,861316000000.0,2361113000000.0,39860577000000.0,54439880000000.0,3667054000000.0,36345540000000.0,18932000000.0,464819000000.0,224063000000.0,2753338000000.0,0.0158214162117917,0.0592342905623267,31.628118089447813,0.0673597002785458,0.6676271145344185,0.7321944317290927,1.947457652300668,0.0690742133512016,0,67.0,123.07154240604498,,,371128.0,-2823.0,413321000000.0,223246000000.0,0.4798714989620534,0.7390632474028115,27031000000.0,67.0,67.0,123.07154240604498,0.015821416211791797,0.007592246713255062,0.004100780530743271,0.004128388967793463,0.011720635681048525,0.0076198551503052535,0.2591917484407581,0.7408082515592419,0.25919058742668194,1000000.0
NAB,2018,1154419000000.0,2149044000000.0,54187107000000.0,75059004000000.0,4230082000000.0,50814947000000.0,215304000000.0,56889000000.0,512529000000.0,3540092000000.0,0.015380153459004,0.0396596924799842,31.94929564016289,0.0563567563459808,0.6770000172131247,0.7219268057433855,1.544273971199852,0.0653308913502247,0,69.0,91.92767865664725,141573.0,637.0,371128.0,0.0,616026000000.0,254139000000.0,0.5336242733357646,0.7537687789268888,52524000000.0,69.0,69.0,91.92767865664725,0.015380153459004066,0.00820722321335359,0.003385856279148069,0.003787073966502408,0.011994297179855997,0.008608440900707929,0.2201445055911242,0.7798554944088758,0.197436979121099,26214000000.0
NAB,2019,1553650000000.0,3136256000000.0,70744212000000.0,94687435000000.0,4960385000000.0,67545653000000.0,531871000000.0,537186000000.0,264705000000.0,4934698000000.0,0.016408196082194,0.0443323335059552,32.181602425163355,0.052386940252421,0.713353920718203,0.747134104963346,1.9746081957339283,0.0697540881507027,0,102.0,107.7228462255842,141573.0,0.0,367968.0,-3160.0,795200000000.0,275945000000.0,0.511826988060374,0.6894377755607762,73365000000.0,102.0,102.0,107.7228462255842,0.016408196082194012,0.008398157580253389,0.0029142726276194936,0.00509576587432113,0.013493923454574518,0.010579650826955025,0.17761078750040227,0.8223892124995977,0.16888424033727029,13558000000.0
NAB,2020,1630769000000.0,4734896000000.0,98254031000000.0,134315195000000.0,6598770000000.0,89171618000000.0,138750000000.0,137123000000.0,467897000000.0,6473185000000.0,0.0121413589877154,0.0481903485466158,32.53121035527656,0.0491289909529595,0.6638982134523201,0.7315183587381904,0.834088263375461,0.0658821315941734,0,106.0,78.9188445879113,154928.0,13355.0,401166.0,33198.0,770741000000.0,363803000000.0,0.4726242649939998,0.6957110418459022,117408000000.0,106.0,106.0,78.9188445879113,0.012141358987715426,0.005738300867597296,0.0027085766431713108,0.0036944814769468196,0.009432782344544116,0.006724205701372806,0.2230867768519024,0.7769132231480976,0.21427682277502205,14367000000.0
NAB,2021,2239731000000.0,10483864000000.0,115319388000000.0,153237506000000.0,8024842000000.0,102653266000000.0,321506000000.0,192739000000.0,1098892000000.0,6771150000000.0,0.0146160757797767,0.0909115473280173,32.66301016050457,0.0523686544467775,0.6698964808263064,0.7525532815706358,1.571442451718974,0.0587164926681712,0,107.0,69.82624736792572,154928.0,0.0,401166.0,0.0,1332870000000.0,438156000000.0,0.5951027154600262,0.7907315655317536,207650000000.0,107.0,107.0,69.82624736792572,0.014616075779776786,0.008698066385914686,0.0028593260973589587,0.0030586832965031406,0.011756749682417827,0.00889742358505887,0.1956288500717274,0.8043711499282726,0.18894903003976818,14961000000.0
NAB,2022,2841928000000.0,8267779000000.0,124993335000000.0,177578734000000.0,12649780000000.0,119538340000000.0,159761000000.0,131749000000.0,1319728000000.0,7847229000000.0,0.0160037631533064,0.0661457588918641,32.810435198326104,0.0712347684605072,0.6731568432062366,0.7038755834355707,1.3478838672178317,0.0627811794924905,0,116.0,65.323137172495,174388.0,19460.0,401166.0,0.0,1526950000000.0,110661000000.0,0.5372936963920268,0.5762324027913445,274892000000.0,116.0,116.0,65.323137172495,0.01600376315330641,0.008598721060822519,0.0006231658347108163,0.006781876257773075,0.015380597318595594,0.014757431483884777,0.038938706399317645,0.9610612936006824,0.03537000233644202,10142000000.0
NAB,2023,3492455000000.0,9997386000000.0,145428945000000.0,209896239000000.0,15241792000000.0,141438441000000.0,820666000000.0,1182425000000.0,986031000000.0,12691031000000.0,0.0166389594050801,0.0687441279313413,32.97763442453839,0.0726158413919936,0.6738493346705464,0.6928611283978271,2.113373124637312,0.0872661972484225,0,139.0,66.22319707214953,182474.0,8086.0,561965.0,160799.0,1888273000000.0,145802000000.0,0.5406721060113874,0.5824198164328531,590031000000.0,139.0,139.0,66.22319707214953,0.016638959405080145,0.008996221223382663,0.0006946384589578092,0.006948099722739672,0.015944320946122335,0.015249682487164526,0.0417477104214657,0.9582522895785343,0.04032407003096676,4972000000.0
NAB,2024,3985763000000.0,9760047000000.0,158334003000000.0,245128983000000.0,19288533000000.0,167737997000000.0,264304000000.0,1027409000000.0,2617266000000.0,9473887000000.0,0.0162598602222406,0.0616421413914483,33.132805649165675,0.0786872803204996,0.684284636386714,0.6459211842770954,2.330407582010176,0.0598348227196655,0,147.0,59.96842894746559,193642.0,11168.0,561965.0,0.0,2103964000000.0,399660000000.0,0.5278698206591812,0.6281417133933954,560966000000.0,147.0,147.0,59.96842894746559,0.016259860222240633,0.008583089499457516,0.0016304069600778298,0.006046363762705288,0.014629453262162802,0.012999046302084972,0.10027189273421425,0.8997281072657857,0.0985467525289386,6876000000.0
NAB,2025,3817758000000.0,10546863000000.0,177810693000000.0,418333322000000.0,23430767000000.0,197607593000000.0,262454000000.0,1550418000000.0,2447265000000.0,13739756000000.0,0.0091261149882772,0.0593151222913236,33.66729965173469,0.0560098031110225,0.4723687610044126,0.4640455663541391,2.155856936124919,0.0772718207672696,0,147.0,35.139443183060614,204937.0,11295.0,561965.0,0.0,1887529000000.0,226375000000.0,0.4944077125894308,0.5537029848408411,588182000000.0,147.0,147.0,35.139443183060614,0.009126114988277218,0.004512021636182259,0.0005411354728275746,0.004072957879267384,0.008584979515449644,0.00804384404262207,0.05929527225141039,0.9407047277485897,0.05702378202075669,8672000000.0
NVB,2015,655265159274.0,1570054586874.0,34030972378659.0,48230002089499.0,3217325355296.0,20431441471031.0,156676181973.0,29277860353.0,253263264103.0,1988405153595.0,0.0135862560830506,0.0461360483445541,31.507002393333064,0.0667079663261408,0.4236251417347437,0.7055975721400286,2.1497127701525627,0.058429278231319,0,89.0,184.53244068877564,33911.0,10826.0,913439.0,0.0,279215152743.0,129872210470.0,0.4261101766075217,0.6243081253797282,3624015891.0,89.0,89.0,184.53244068877564,0.013586256083050622,0.005789241978983717,0.0026927680871545465,0.0051042460169123584,0.010893487995896074,0.008200719908741529,0.19819794877220653,0.8018020512277934,0.19478406361695352,2237000000.0
NVB,2016,863133000000.0,2276865000000.0,41791705000000.0,69011008000000.0,3228163000000.0,25352217000000.0,150144000000.0,22298000000.0,203933000000.0,2608149000000.0,0.0125071785649037,0.0544812660789982,31.86528714403314,0.0467775083070805,0.3673648267824171,0.6055802720632627,1.4845841687139234,0.06240829370326,0,90.0,130.41397685424332,45088.0,11177.0,914039.0,600.0,404811000000.0,175386000000.0,0.4690018803591103,0.6721988384177178,3558000000.0,90.0,90.0,130.41397685424332,0.012507178564903732,0.0058658902649270095,0.0025414206382842574,0.004099867661692465,0.009965757926619474,0.007424337288335216,0.20319695805860744,0.7968030419413925,0.19841090538769807,4131000000.0
NVB,2017,959550000000.0,3661325000000.0,45719622000000.0,71841565000000.0,3218141000000.0,32110586000000.0,118105000000.0,90580000000.0,283626000000.0,3319980000000.0,0.0133564740690156,0.0800821362871285,31.90548432420637,0.0447949734948006,0.4469638989629471,0.636395128641755,1.5331735148028751,0.0726160859335188,0,90.0,125.27566736609928,49393.0,4305.0,1032340.0,118301.0,421589000000.0,203367000000.0,0.4393611588765567,0.6513011307383669,18182000000.0,90.0,90.0,125.27566736609928,0.013356474069015618,0.0058683159254673805,0.002830770738360168,0.0046573874051880695,0.01052570333065545,0.007694932592295282,0.2119399718618102,0.7880600281381898,0.20623521442342765,5474000000.0
NVB,2018,999842000000.0,4020291000000.0,47148818000000.0,72422170000000.0,3232766000000.0,35674111000000.0,124077000000.0,168193000000.0,303489000000.0,3757692000000.0,0.0138057448430501,0.0852681184923872,31.913533583915445,0.04477139676632239,0.4925855024780395,0.6510274132907092,1.6700037738852134,0.0796985409050975,0,90.0,124.2713384589277,57859.0,8466.0,381138.0,-651202.0,443811000000.0,248670000000.0,0.4438811332190486,0.6925904292878274,25421000000.0,90.0,90.0,124.2713384589277,0.013805744843050131,0.006128109665866129,0.0034336170816201723,0.00424401809556383,0.010372127761429959,0.006938510679809787,0.24870929606877887,0.7512907039312211,0.24259933069424972,6109000000.0
NVB,2019,862619000000.0,4729576000000.0,59095308000000.0,80394022000000.0,4306672000000.0,37910603000000.0,128597000000.0,133338000000.0,468154000000.0,4132865000000.0,0.0107298898418093,0.0800330205572327,32.0179609361153,0.0535695552089681,0.4715599749444057,0.7350709235569779,1.9258174289657168,0.0699355860874775,0,90.0,111.94862224954986,59404.0,1545.0,381138.0,0.0,415720000000.0,204627000000.0,0.4819277108433735,0.7191436775679645,50745000000.0,90.0,90.0,111.94862224954986,0.010729889841809382,0.005171031249064762,0.002545301191673182,0.003013557401071438,0.0081845886501362,0.005639287458463017,0.23721596672459105,0.7627840332754089,0.22944544462850922,6703000000.0
NVB,2020,802677000000.0,6163218000000.0,72084752000000.0,89601240000000.0,4262820000000.0,40313272000000.0,55841000000.0,87573000000.0,465418000000.0,4525032000000.0,0.0089583246838994,0.0854996074620607,32.12639027509938,0.047575457661077,0.4499186841610674,0.8045061876375817,1.51025200832123,0.0627737749586764,0,90.0,100.4450384838424,69555.0,10151.0,379918.0,-1220.0,394130000000.0,191995000000.0,0.4910194262449279,0.7302127754999832,44789000000.0,90.0,90.0,100.44503848384241,0.008958324683899463,0.00439871144640409,0.002142771684856147,0.002416841552639226,0.006815552999043316,0.0046727813141871685,0.23919334925505528,0.7608066507449447,0.23068183092327302,6832000000.0
NVB,2021,950593000000.0,5869463000000.0,64520093000000.0,73782685000000.0,4264220000000.0,41615019000000.0,603033000000.0,181534000000.0,464861000000.0,4283296000000.0,0.0128836867349026,0.0909710870999519,31.93214519941105,0.0577943185450624,0.5640214773967632,0.8744611693109298,3.0023487433707525,0.0663870090825814,0,90.0,121.97983849462784,72493.0,2938.0,536147.0,156229.0,508490000000.0,195971000000.0,0.5349187296771594,0.741075307728965,143632000000.0,90.0,90.0,121.97983849462783,0.01288368673490264,0.00689172534179259,0.002656056769958968,0.003335904623151082,0.010227629964943672,0.007571573194984704,0.20615657805180557,0.7938434219481945,0.19971112768556046,6127000000.0
NVB,2022,1027681000000.0,6243580000000.0,71350329000000.0,89847242000000.0,5764228000000.0,47722273000000.0,1027743000000.0,4248162000000.0,3280585000000.0,3831517000000.0,0.0114380917780425,0.0875059735183561,32.12913203308321,0.0641558702491947,0.531149002882025,0.7941293178481761,10.76803403031492,0.053700060724317,0,90.0,100.17001968741566,85143.0,12650.0,536147.0,0.0,594180000000.0,195555000000.0,0.5781755233384679,0.7684631709645309,132842000000.0,90.0,90.0,100.17001968741566,0.011438091778042558,0.006613224699763182,0.00217652757777473,0.002648339500504646,0.009261564200267828,0.007085036622493098,0.19028764762606296,0.809712352373937,0.1843548727669384,6097000000.0
NVB,2023,1238721000000.0,4586717000000.0,76850214000000.0,96249499000000.0,5094672000000.0,55344259000000.0,276539000000.0,2527379000000.0,13665061000000.0,5976390000000.0,0.012869895561742,0.0596838546214067,32.19796488388809,0.052931932663878,0.5750082813418073,0.7984479378952404,10.76803403031492,0.0777667320483974,0,76.0,78.96144997076816,141253.0,56110.0,536147.0,0.0,652446000000.0,236877000000.0,0.5267094042968513,0.7179364844868215,33518000000.0,76.0,76.0,78.96144997076816,0.012869895561742093,0.0067786950246878684,0.002461072550621796,0.0036301279864324287,0.010408823011120297,0.0079477504604985,0.19122708018997012,0.8087729198100299,0.1814129251058148,12157000000.0
NVB,2024,3392048000000.0,9083078000000.0,96117186000000.0,118498716000000.0,6092846000000.0,71174720000000.0,280960000000.0,438642000000.0,13187712000000.0,4710884000000.0,0.0286251878037227,0.0945000408147612,32.40592324100199,0.0514169790666761,0.600637056691821,0.8111242825618465,10.76803403031492,0.0490118801438901,0,64.0,54.00902403026882,182706.0,41453.0,609010.0,72863.0,955516000000.0,330871000000.0,0.3210202342187753,0.4861262248280647,74968000000.0,64.0,64.0,54.00902403026882,0.0286251878037227,0.008063513532079115,0.002792190592174855,0.01776948367946873,0.025832997211547845,0.02304080661937299,0.09754313618203515,0.9024568638179649,0.09317468384881347,14818000000.0
NVB,2025,2043777000000.0,10956195000000.0,127403437000000.0,163614988000000.0,13592924000000.0,97544593000000.0,143208000000.0,370313000000.0,7903423000000.0,6405963000000.0,0.0124913800684323,0.0859960708909289,32.728537149592846,0.0830787213699517,0.5961837249286722,0.778678277322613,8.628816565978187,0.0502809276644553,0,64.0,39.1162208195743,221645.0,38939.0,416098.0,-192912.0,1089359000000.0,364404000000.0,0.5330126525545595,0.7113119484170729,188789000000.0,64.0,64.0,39.1162208195743,0.012491380068432362,0.0066580636243422885,0.0022272042705525244,0.003606112173537549,0.010264175797879837,0.008036971527327312,0.1782992958625134,0.8217007041374866,0.1698981836080942,17170000000.0
OCB,2015,796628706640.0,,29506294710206.0,49447189185160.0,4225318936966.0,27693970521649.0,,,,1770042726283.0,0.0161106974889299,,31.53192633082784,0.0854511450821575,0.5600716841142603,0.5967233971523982,,0.0599886479704534,0,106.0,214.37012244128232,,,,,,,,,14544507731.0,106.0,106.0,214.37012244128232,0.01611069748892992,,,,,,,,,1000000.0
OCB,2016,1046526378638.0,4019461203013.0,43063985057813.0,63815087729633.0,4715677950774.0,38506723127255.0,105821757194.0,94852415726.0,474825179243.0,2379925934113.0,0.0163993565764861,0.0933369542464988,31.78701076311166,0.0738959722307839,0.6034109565185808,0.6748245060833149,1.754237435189292,0.0552648792469617,0,115.0,180.20816720839343,136028.0,15168.0,139854.0,-2656.0,324210745730.0,239685647198.0,0.3210202342187753,0.5388267361802022,97511130746.0,115.0,115.0,180.20816720839343,0.01639935657648619,0.005080471676284328,0.0037559401032790595,0.007562944796922802,0.01264341647320713,0.008887476369928071,0.22902972356027804,0.770970276439722,0.21533202774237017,14335000000.0
OCB,2017,1445956693911.0,4940300683342.0,53205792395177.0,84300169452048.0,6139453991268.0,48182976683825.0,162410019608.0,130311394024.0,571852627895.0,3211564137216.0,0.017152476718727,0.0928526850356584,32.06540499104167,0.0728284893277737,0.5715644108074143,0.631146921068074,1.794355809937407,0.0603611748390598,0,121.0,143.53470554863802,167230.0,31202.0,182466.0,42612.0,417756862890.0,249548422772.0,0.3210202342187753,0.4861262248280647,195619962173.0,121.0,121.0,143.53470554863802,0.017152476718727067,0.004955587463292471,0.002960236312620335,0.00923665294281426,0.014192240406106732,0.011232004093486396,0.17258360767155861,0.8274163923284413,0.16046429588732988,17524000000.0
OCB,2018,1869767287781.0,7734102855103.0,60362575007000.0,99964107627218.0,8797238027838.0,56316351513938.0,432493868400.0,180204614472.0,675628704639.0,4221019182442.0,0.0187043863258766,0.1281274507292988,32.235832313760284,0.0880039669902751,0.5633657204638949,0.6038424834651814,2.287660959698616,0.0699277521204571,0,128.0,128.0459587328407,210191.0,42961.0,145532.0,-36934.0,623416923074.0,291970117935.0,0.3334195261346442,0.4895727115299796,337762358314.0,128.0,128.0,128.0459587328407,0.01870438632587667,0.006236407625413118,0.0029207495056505967,0.009547229194812955,0.01578363682022607,0.012862887314575475,0.15615318539533546,0.8438468146046645,0.14369976397109277,23285000000.0
OCB,2019,2449236101393.0,7918216224363.0,69142056294441.0,118159970847748.0,11507150358768.0,71090741071723.0,351415095527.0,225490821722.0,732330897382.0,5537196484058.0,0.0207281373194387,0.114520982578871,32.4030605074332,0.0973861983564234,0.601648261773229,0.5851563418505936,1.841641815648144,0.0800843478024125,0,128.0,108.32771799252652,282866.0,72675.0,135350.0,-10182.0,794934868878.0,368972375236.0,0.3245644094605178,0.4861262248280647,545797223084.0,128.0,128.0,108.32771799252652,0.02072813731943875,0.0067276156483001585,0.0031226512040311003,0.010877870467107491,0.01760548611540765,0.014482834911376549,0.15064794081148297,0.849352059188517,0.1370212430909088,33375000000.0
OCB,2020,2330118602224.0,10089498416439.0,87171375610769.0,152528878791414.0,17435383126063.0,89237886166154.0,488697139883.0,322577135849.0,697195421421.0,5811686078906.0,0.0152765733327816,0.1157432511044664,32.658375063171974,0.1143087346095699,0.585055675182589,0.5715073519289251,1.6903915612079232,0.066669661206861,0,133.0,87.19660240988195,312870.0,30004.0,135350.0,0.0,1550209010147.0,354535082594.0,0.6652918905790421,0.8174451252923358,840561444289.0,133.0,133.0,87.19660240988195,0.015276573332781653,0.010163380354135684,0.0023243800479175692,0.0027888129307283996,0.012952193284864084,0.010627813236946514,0.15215323471329364,0.8478467652867064,0.13682826371571555,35709000000.0
OCB,2021,2402923565171.0,14903745787679.0,98804612775544.0,184491035016344.0,21805009400355.0,102050733038455.0,325973161270.0,290448984366.0,733118031691.0,5954516274613.0,0.0130246088378122,0.1508405869828777,32.84862198753124,0.1181900757314484,0.5531473820904867,0.5355523793705799,1.322420855927084,0.060265569666671,0,135.0,73.1742872969629,346348.0,33478.0,135350.0,0.0,1584030955013.0,374599267142.0,0.6592098799864552,0.8151030064144456,784500726282.0,135.0,135.0,73.1742872969629,0.013024608837812231,0.008585950828844726,0.002030446992228183,0.0024082110167393225,0.010994161845584048,0.008963714853355865,0.15589312642799036,0.8441068735720096,0.1405443236052192,36882000000.0
OCB,2022,3076802357805.0,10809453049274.0,102203189310223.0,193994237850692.0,25272239382832.0,119802569762625.0,670539465956.0,625718716589.0,1365228611553.0,7120149043887.0,0.0158602770468526,0.1057643418197397,32.898849572750215,0.1302731445161934,0.6175573619605715,0.526836211438836,2.2215606888662154,0.0696666032825533,0,148.0,76.29092577167599,402758.0,56410.0,153109.0,17759.0,2030006109354.0,411791512218.0,0.659777871075935,0.7936153634886011,1014174306465.0,148.0,148.0,76.29092577167599,0.01586027704685263,0.010464259824646945,0.002122699708920922,0.003273317513284762,0.013737577337931706,0.011614877629010784,0.13383749241266615,0.8661625075873338,0.1212039217507759,38871000000.0
OCB,2023,3171425038560.0,15029688541614.0,125945932418559.0,240114274727459.0,28535703470870.0,147206466215571.0,967259763141.0,1255638819170.0,1680979063991.0,11361222432425.0,0.013207982083363,0.119334449735665,33.11213607064737,0.1188421783888499,0.6130683666460782,0.524524968628015,2.651974296146144,0.0902071405900429,0,158.0,65.80200205895191,426898.0,24140.0,154536.0,1427.0,1939838578351.0,496478499699.0,0.6116614943646256,0.7682089434332715,882062943945.0,158.0,158.0,65.80200205895191,0.013207982083363084,0.008078814058651065,0.0020676759024948702,0.0030614921222171486,0.011140306180868214,0.009072630278373343,0.15654744906864593,0.8434525509313541,0.14232324403415364,45111000000.0
OCB,2024,3803760652156.0,20520449982806.0,142459763487912.0,276486854526261.0,31671045433324.0,170844469638663.0,1075776805310.0,1710943603143.0,2621403037774.0,9347544341743.0,0.0137574737817949,0.1440438302043594,33.25318439336026,0.1145481056869409,0.6179117265136959,0.5152496806114195,3.1655244431764227,0.0656153296403314,0,175.0,63.29414839625886,497805.0,70907.0,139550.0,-14986.0,2261241024089.0,593656100410.0,0.5944751078928459,0.7505459427056281,930981459789.0,175.0,175.0,63.29414839625886,0.013757473781794986,0.008178475710765572,0.002147140418039708,0.0034318576529897052,0.011610333363755278,0.00946319294571557,0.15607083481278225,0.8439291651872178,0.14251188494279848,51575000000.0
OCB,2025,4202555569391.0,14828557948068.0,150029644383127.0,322949479567113.0,33924677884591.0,198764945826810.0,797210239597.0,1715658267794.0,3832608212238.0,11869499472499.0,0.0130130433249936,0.0988375198050905,33.408517016908945,0.1050463927982302,0.6154676146041106,0.4645607250528141,3.1924526194664167,0.0791143611737701,0,175.0,54.18804211561913,541634.0,43829.0,252348.0,112798.0,2429677188704.0,631540596140.0,0.5781427868319868,0.7284181575468393,1010599873776.0,175.0,175.0,54.18804211561913,0.013013043324993671,0.007523397133077226,0.001955539909791859,0.0035341062821245862,0.011057503415201812,0.009101963505409953,0.15027537071485236,0.8497246292851476,0.138435670042623,49757000000.0
PCB,2015,1520347000000.0,,64720010000000.0,98605445000000.0,9744250000000.0,40169725000000.0,,,,4189055000000.0,0.0154184893136479,,32.22214759913613,0.0988206077260743,0.4073783653630892,0.6563533078726028,,0.0647258089113397,0,110.0,111.55570567122332,,,,,,,,,64948000000.0,110.0,110.0,111.55570567122332,0.015418489313647943,,,,,,,,,1000000.0
PCB,2016,1584790000000.0,,83483264000000.0,114082903000000.0,10042077000000.0,50225797000000.0,,,,4774903000000.0,0.0138915644529136,,32.367946519325464,0.0880243817077481,0.4402570032776953,0.7317771708526737,,0.057195930911374,0,115.0,100.8038864508909,,,,,,,,,28181000000.0,115.0,115.0,100.8038864508909,0.013891564452913684,,,,,,,,,1000000.0
PCB,2017,1622568000000.0,3811313000000.0,88689672000000.0,126537416000000.0,10131197000000.0,59148603000000.0,131101000000.0,252848000000.0,643715000000.0,5686641000000.0,0.0128228317859754,0.0429735832149655,32.47155915901837,0.080064832365472,0.4674396306622856,0.7008968161638451,1.7374273404225624,0.0641184127955733,0,115.0,90.88220989118348,,,,,716188000000.0,358088000000.0,0.44139167048777,0.6620838078897155,75402000000.0,115.0,115.0,90.88220989118349,0.012822831785975462,0.005659891142395385,0.0028298981543925317,0.004333042489187545,0.00999293363158293,0.007163035477190399,0.22069213740194557,0.7793078625980545,0.22069152109495566,1000000.0
PCB,2018,1842257000000.0,6228057000000.0,102915585000000.0,140545390000000.0,10217746000000.0,69954815000000.0,739829000000.0,306633000000.0,678046000000.0,7062946000000.0,0.0131079148167008,0.0605161696355318,32.57655161302776,0.0727006840992792,0.4977382395822445,0.7322587030424833,2.4651741270418626,0.0686285366788713,0,108.0,76.84350230199654,168974.0,6275.0,,,851758000000.0,385012000000.0,0.4623448302815514,0.6713341298201065,85837000000.0,108.0,108.0,76.84350230199654,0.013107914816700855,0.006060376651272589,0.00273941393595336,0.004308124229474906,0.010368500880747495,0.0076290869447941355,0.20898929953855513,0.791010700461445,0.20898875672612452,1000000.0
PCB,2019,2106759000000.0,4950681000000.0,113854406000000.0,164195791000000.0,10425857000000.0,78876784000000.0,517506000000.0,626444000000.0,921921000000.0,8106851000000.0,0.0128307734757951,0.0434825596472744,32.732080679244405,0.0634964936464175,0.4803824965281844,0.6934063614334669,2.619111600696093,0.0712036651440612,0,108.0,65.7751330544155,213282.0,44308.0,,,938302000000.0,377929000000.0,0.445376998508135,0.6247658132705259,183999000000.0,108.0,108.0,65.7751330544155,0.012830773475795126,0.005714531379187424,0.0023016972463076107,0.004814544850300091,0.010529076229487514,0.008227378983179903,0.17938881476239094,0.820611185237609,0.1793883400996507,1000000.0
PCB,2020,2341647000000.0,7414249000000.0,145248877000000.0,181393673000000.0,10499359000000.0,84647622000000.0,750092000000.0,718935000000.0,1157720000000.0,9583676000000.0,0.0129091988781769,0.0510451382009652,32.83169077428025,0.0578816164111743,0.4666514581244518,0.8007383862831864,3.10315510103757,0.0659810677916635,0,108.0,59.539011594963405,239963.0,26681.0,,,1110556000000.0,377279000000.0,0.4742627731677746,0.6353797135093376,232942000000.0,108.0,108.0,59.539011594963405,0.012909198878176969,0.006122352459338535,0.002079890625512611,0.004706955793325822,0.010829308252664357,0.008749417627151746,0.16111694034156301,0.8388830596584369,0.16111651329171306,1000000.0
PCB,2021,2835180000000.0,10901087000000.0,149634428000000.0,191914842000000.0,10580452000000.0,88912644000000.0,869552000000.0,681550000000.0,1551120000000.0,10490474000000.0,0.0147731148380905,0.0728514630336275,32.88807285831725,0.055130973142765,0.4632921720561873,0.7796917968439356,3.489067314205615,0.0701073552404664,0,108.0,56.27495970322087,284861.0,44898.0,,,1334783000000.0,464460000000.0,0.4707930360682567,0.6346133226109101,287718000000.0,108.0,108.0,56.27495970322087,0.014773114838090531,0.006955079586809654,0.0024201359059035153,0.0053978993453773615,0.012352978932187016,0.0099328430262835,0.16382028654265338,0.8361797134573465,0.1638199338313617,1000000.0
PCB,2022,3190045000000.0,9098149000000.0,164870257000000.0,233771140000000.0,10632869000000.0,107860370000000.0,658626000000.0,395843000000.0,2008624000000.0,10795562000000.0,0.0136460172115343,0.0551836890749797,33.085363718510706,0.0454840961121206,0.461393010274921,0.7052635196970849,2.8398688044552416,0.0654791361185298,0,108.0,46.199030385016734,297860.0,12999.0,,,1542834000000.0,455815000000.0,0.4836401994329233,0.6265268985233751,318187000000.0,108.0,108.0,46.199030385016734,0.013646017211534323,0.006599762485651565,0.0019498343550876298,0.005096420370795128,0.011696182856446694,0.009746348501359064,0.1428866990904517,0.8571133009095484,0.14288638561524994,1000000.0
PCB,2023,3324879000000.0,10294599000000.0,178166861000000.0,221017825000000.0,10756964000000.0,98382015000000.0,732228000000.0,576853000000.0,2433477000000.0,17085881000000.0,0.0150434880082635,0.057780661017539,33.02926447030237,0.0486701197064083,0.4451315861062337,0.806119872910703,3.80410789512697,0.0958981984870912,0,108.0,48.86483703294067,285269.0,-4555.16,,,1887265000000.0,477468000000.0,0.5676191524563751,0.7112237768652634,316710000000.0,108.0,108.0,48.86483703294067,0.015043488008263587,0.008538971913238219,0.0021603144452263068,0.004344201649799061,0.01288317356303728,0.010722859117810972,0.14360462440888824,0.8563953755911117,0.14360432364606351,1000000.0
PCB,2024,4446690000000.0,12366272000000.0,170100756000000.0,225834577000000.0,10888933000000.0,115094335000000.0,339104000000.0,674706000000.0,2584564000000.0,12881763000000.0,0.0196900317881791,0.0726996886480622,33.0508238870102,0.0482164119624604,0.5096400052149676,0.7532095317715675,3.1264562239314384,0.0757301925218956,0,108.0,47.822614869112805,345794.0,60525.0,,,2225011000000.0,521439000000.0,0.50037466070268,0.6176391878003639,1151766000000.0,108.0,108.0,47.822614869112805,0.019690031788179185,0.009852392975235142,0.0023089422661791955,0.0075286965467648475,0.01738108952199999,0.015072147255820796,0.1172645270976839,0.8827354729023161,0.11726430221130775,1000000.0
PCB,2025,5282762000000.0,17815517000000.0,201548159000000.0,263457033000000.0,12255646000000.0,151655592000000.0,553641000000.0,714587000000.0,3218919000000.0,17898929000000.0,0.0200517023206588,0.0883933501967636,33.20491140799521,0.0465185759531422,0.575636908504925,0.7650133940436503,2.9587745106029457,0.0888072066190393,0,108.0,40.99340175898816,370103.0,24309.0,,,2516441000000.0,589600000000.0,0.4763494929357029,0.5879577766327538,352105000000.0,108.0,108.0,40.993401758988156,0.02005170232065887,0.00955161823294351,0.0022379360812129086,0.00826214800650245,0.017813766239445958,0.015575830158233049,0.11160828369705089,0.888391716302949,0.1116080944021328,1000000.0
PGB,2015,485011000000.0,4032654000000.0,16864930000000.0,24681414000000.0,3372713000000.0,15882795000000.0,106818000000.0,128555000000.0,202018000000.0,758090000000.0,0.0196508595496189,0.2391147784188846,30.83707160667948,0.1366499099281751,0.6435123611637485,0.6833048544139327,2.7538666840439605,0.0449506757513965,0,79.0,320.0789063381863,52668.0,3211.0,21591.0,1635.0,222692000000.0,121634000000.0,0.4591483492126982,0.7099344138586547,21829000000.0,79.0,79.0,320.0789063381863,0.019650859549618996,0.00902265972281815,0.004928161733359361,0.005700038093441485,0.014722697816259634,0.009794536082900273,0.25078606464595654,0.7492139353540435,0.24019867590631966,5135000000.0
PGB,2016,419228946376.0,3879597352966.0,18297115686684.0,24824533188761.0,3495341324841.0,17534132360519.0,56307759921.0,104568805195.0,271939037955.0,795446564049.0,0.0168876869985132,0.2120332745007146,30.84285352160488,0.1408018953775724,0.7063227423932935,0.7370577947047879,2.468417565077562,0.0434738773952168,0,79.0,318.23357724110707,52668.0,0.0,21509.0,-81.0,211554222509.0,100668937618.0,0.5046269451042635,0.7447557303139365,16757987030.0,79.0,79.0,318.23357724110707,0.016887686998513257,0.008521981899936734,0.0040552197639541765,0.0043104853346223465,0.01283246723455908,0.008777247470604904,0.24012878520967296,0.759871214790327,0.23233352195733784,3268000000.0
PGB,2017,476856661424.0,5391885945690.0,22877378274548.0,29297960807065.0,3559846367148.0,21421022996354.0,83266119626.0,106661169694.0,525251964778.0,1079214474113.0,0.0162761041481429,0.2356863571071292,31.008539032501087,0.1215049194239336,0.7311438204664561,0.7808522383247669,3.3386792695182126,0.0471738702381675,0,79.0,269.6433397540408,56061.0,3393.0,21509.0,0.0,250665829853.0,95767329918.0,0.5256628461568642,0.7264932794195924,21966316922.0,79.0,79.0,269.6433397540408,0.016276104148142942,0.008555743230858363,0.0032687370479008346,0.004451623869383744,0.013007367100242107,0.009738630052341272,0.2008304332627282,0.7991695667372718,0.19427919836821914,3124000000.0
PGB,2018,519582002270.0,4276098928409.0,23344960373368.0,29899607631751.0,3686767542218.0,22051624688110.0,113501857701.0,141342706110.0,420209449199.0,1155126617401.0,0.0173775525307644,0.1831701086666733,31.028866473555173,0.1233048803725085,0.7375222096457524,0.7807781513686993,3.061243888183812,0.0494807701074006,0,79.0,264.2175140656638,58009.0,1948.0,21509.0,0.0,274131407951.0,103872323970.0,0.5275998913614179,0.727515060701758,32649511242.0,79.0,79.0,264.2175140656638,0.017377552530764496,0.009168394827358681,0.003474036356908439,0.004735121346497376,0.013903516173856057,0.010429479816947619,0.19991516934034004,0.80008483065966,0.19609863991604035,1983000000.0
PGB,2019,561665438010.0,4378082393329.0,25388098405766.0,31574084351069.0,3760411603654.0,23696714186800.0,44629728026.0,131475028974.0,572531573892.0,1402631614876.0,0.0177888116014671,0.1724462511274446,31.08335778457024,0.1190980413506966,0.7451122288236933,0.8040802742995915,3.15924108714203,0.0552476043088537,0,79.0,250.2051971534855,58609.0,600.0,21509.0,0.0,308820968095.0,106948804212.0,0.549830819551873,0.740244537353209,32458548201.0,79.0,79.0,250.2051971534855,0.017788811601467194,0.009780836861688572,0.0033872337523029087,0.004620740987475712,0.014401577849164285,0.011014344096861375,0.19041371780133615,0.8095862821986638,0.18819531532242517,1246000000.0
PGB,2020,655043136728.0,5837472601220.0,28737831665798.0,36153015004943.0,3929919186365.0,25675229114079.0,68847065762.0,68191740742.0,489451441782.0,1464788372924.0,0.0181186309534195,0.2031284986670515,31.21878146368188,0.1087023913725503,0.7101822382052664,0.7948944690192183,2.440057089665713,0.0509707339773759,0,79.0,218.51566180358336,58609.0,0.0,21509.0,0.0,361193895842.0,119910182259.0,0.5514047481608559,0.7344616730192131,29995133628.0,79.0,79.0,218.51566180358338,0.018118630953419503,0.009990699137889771,0.0033167408649764163,0.004811190950553316,0.014801890088443088,0.011485149223466672,0.18305692485835706,0.816943075141643,0.1811944520964959,1220000000.0
PGB,2021,664372000000.0,4156684000000.0,28074529000000.0,40521052000000.0,4180846000000.0,27498895000000.0,87848000000.0,122598000000.0,483490000000.0,1658666000000.0,0.0163957243755665,0.1480589042117144,31.33284275745968,0.1031771337032414,0.6786323069795918,0.6928381079543542,2.523505035384149,0.0590808130743707,0,79.0,194.96038750425333,70457.0,11848.0,36749.0,15240.0,395028000000.0,126611000000.0,0.5945885738712648,0.7851610242454529,48352000000.0,79.0,79.0,194.96038750425333,0.016395724375566557,0.009748710374054455,0.0031245733699115214,0.0035224406316005812,0.013271151005655036,0.010146577635743514,0.19057245037418793,0.809427549625812,0.18825748225391797,1538000000.0
PGB,2022,745913000000.0,5446216000000.0,31259873000000.0,48991137000000.0,4584528000000.0,29050846000000.0,62262000000.0,119495000000.0,562786000000.0,1538115000000.0,0.015225468231121,0.1742238684079106,31.52266052012784,0.093578722208468,0.592981665234673,0.6380720047383265,2.562896102922441,0.0492041346425175,0,80.0,163.2948424936535,83841.0,13384.0,30917.0,-5832.0,458595000000.0,134481000000.0,0.6148103062957745,0.7951007691245494,79225000000.0,80.0,80.0,163.2948424936535,0.01522546823112107,0.009360774786672127,0.002745006714173627,0.003119686730275315,0.012480461516947441,0.009735454802773814,0.18029046282877495,0.819709537171225,0.18071008281126621,-313000000.0
PGB,2023,808209000000.0,5913319000000.0,35729811000000.0,55491118000000.0,4863824000000.0,35335012000000.0,221231000000.0,293570000000.0,493473000000.0,2154514000000.0,0.0145646551940078,0.1655009873967707,31.64724408783777,0.0876504957063579,0.6367687888357196,0.6438834229290532,2.853470093628382,0.0603001790297743,0,82.0,147.7713964962825,90913.0,7072.0,30917.0,0.0,482687000000.0,145252000000.0,0.5972304193593488,0.7769512588946671,34690000000.0,82.0,82.0,147.77139649628253,0.014564655194007806,0.0086984551293416,0.002617572059009516,0.003248628005656689,0.01194708313499829,0.009329511075988773,0.17972083953531823,0.8202791604646817,0.17598047039812723,3023000000.0
PGB,2024,973967000000.0,6113271000000.0,43325745000000.0,73015115000000.0,5166050000000.0,41236482000000.0,182232000000.0,259971000000.0,618714000000.0,1837972000000.0,0.0133392517426015,0.1411001934300264,31.921687590438573,0.0707531584384959,0.5647663774822514,0.5933804938881491,2.5727631178624795,0.0424221672356701,0,91.0,124.63172864960906,96451.0,5538.0,30917.0,0.0,589146000000.0,166460000000.0,0.6048931842659967,0.7758024655866164,17904000000.0,91.0,91.0,124.63172864960906,0.013339251742601515,0.008068822462307975,0.0022798019286828486,0.0029906273516106916,0.011059449813918666,0.008779647885235817,0.1709092813206197,0.8290907186793803,0.1605413735783656,10098000000.0
PGB,2025,1126947000000.0,8696278000000.0,48460417000000.0,88840172000000.0,6545253000000.0,46340642000000.0,219548000000.0,259253000000.0,612980000000.0,2760555000000.0,0.0126851060126268,0.1794511590769018,32.117860051017736,0.0736744746509495,0.5216181031256896,0.5454786490057674,2.35599023423111,0.0569651515792775,0,91.0,102.43113892215338,115887.0,19436.0,30917.0,0.0,617186000000.0,237350000000.0,0.5476619574833599,0.7582752338841134,132714000000.0,91.0,91.0,102.43113892215338,0.012685106012626811,0.006947149989759137,0.002671651738810231,0.0030663042840574427,0.01001345427381658,0.00734180253500635,0.21061327640075353,0.7893867235992466,0.19814418956703375,14052000000.0
SGB,2015,377440000000.0,1550120000000.0,13141759000000.0,17748745000000.0,3390944000000.0,11612018000000.0,17141000000.0,19033000000.0,182309000000.0,690537000000.0,0.0212657289290031,0.1179537685936867,30.68382982010673,0.16992085102831112,0.6542444550304825,0.7404331404840173,1.881524813344244,0.0525452490796703,0,89.0,501.44390490707934,,,,,223423000000.0,74295000000.0,0.5919430902924968,0.788782323018228,30864000000.0,89.0,89.0,419.9211793529225,0.02126572892900315,0.012588101299556674,0.0041859297657383665,0.00449169786370811,0.017079799163264783,0.012893869397526417,0.19683923272573126,0.8031607672742688,0.1968365832980076,1000000.0
SGB,2016,424858000000.0,1762354000000.0,14168928000000.0,19047890000000.0,3514845000000.0,12533642000000.0,62681000000.0,28315000000.0,238805000000.0,737979000000.0,0.0223047277152482,0.1243816045928104,30.68382982010673,0.16992085102831112,0.658006844852632,0.7438581386179781,2.6313261540420574,0.052084321410907,0,89.0,467.24335346329696,46807.0,1893.0,382618.0,15382.0,203473000000.0,84922000000.0,0.4789200156287512,0.6788032707398707,33836000000.0,89.0,89.0,419.9211793529225,0.02230472771524825,0.010682180545981733,0.004458341580091023,0.007164205589175493,0.017846386135157224,0.013388044555066201,0.19988325511111948,0.8001167448888804,0.1942507849681541,2393000000.0
SGB,2017,402234000000.0,1637729000000.0,14849499000000.0,21319355000000.0,3417240000000.0,14105444000000.0,25564000000.0,76918000000.0,317844000000.0,846645000000.0,0.0188670811100992,0.1102885019891916,30.69063646148525,0.1602881513066413,0.6616262077347087,0.6965266538316942,2.979884929535008,0.0570150548513454,0,89.0,417.4610348202373,46807.0,0.0,405418.0,22800.0,231809000000.0,85502000000.0,0.5763038430366404,0.7888716518245599,37931000000.0,89.0,89.0,417.4610348202373,0.01886708111009925,0.010873171350634201,0.004010534089797744,0.003983375669667304,0.014856547020301505,0.01084601293050376,0.21256780878791945,0.7874321912120805,0.21113083429048762,578000000.0
SGB,2018,449103000000.0,1601305000000.0,14678435000000.0,20373555000000.0,3434871000000.0,13671099000000.0,33711000000.0,48994000000.0,218247000000.0,861754000000.0,0.0220434283560232,0.1090923521478958,30.68382982010673,0.1685945825360375,0.6710217730778943,0.7204650832905696,2.2013738617502514,0.0587088473669025,0,88.0,431.932473247796,48256.0,1449.0,431746.0,26328.0,286629000000.0,83569000000.0,0.6382255295555808,0.8243053375283621,42974000000.0,88.0,88.0,419.9211793529225,0.022043428356023288,0.014068678735743467,0.004101836915550576,0.0038729127047292446,0.017941591440472714,0.013839754524922138,0.1860798079727813,0.8139201920272188,0.18498429090876703,492000000.0
SGB,2019,486328000000.0,1737201000000.0,15667758000000.0,22812835000000.0,3561206000000.0,14556951000000.0,36211000000.0,28250000000.0,217844000000.0,907431000000.0,0.0213181746152988,0.110877446537022,30.758344432094944,0.1561053678773374,0.6381035500410186,0.6867957445885178,1.9393140775152709,0.0579170931795091,0,88.0,385.7477599781,50123.0,1867.0,461718.0,29972.0,290930000000.0,86969000000.0,0.5982176637989176,0.77704553305588,44031000000.0,88.0,88.0,385.7477599781,0.0213181746152988,0.012752908614821437,0.003812283742901748,0.004752982257575615,0.017505890872397054,0.013693607129495305,0.17882786925696237,0.8211721307430376,0.17710063989735322,840000000.0
SGB,2020,468663000000.0,1972117000000.0,18223634000000.0,23942788000000.0,3621309000000.0,15447550000000.0,19281000000.0,19017000000.0,184767000000.0,982462000000.0,0.0195742868374393,0.1082175487062569,30.806688267088884,0.1512484260396074,0.645185932398516,0.7611324963492138,1.4440153940268845,0.0539114207407809,0,88.0,367.5428275103133,50123.0,0.0,461718.0,0.0,286415000000.0,88982000000.0,0.6111320927830872,0.8009955981163437,37571000000.0,88.0,88.0,367.5428275103133,0.019574286837439316,0.011962474879700726,0.0037164427133548525,0.003895369244383737,0.015857844124084464,0.012141401410729611,0.18986350533325652,0.8101364946667435,0.18767216528721065,1027000000.0
SGB,2021,573544000000.0,2325499000000.0,18105487000000.0,24608953000000.0,3709025000000.0,16502139000000.0,41534000000.0,106650000000.0,177101000000.0,944998000000.0,0.0233063145758375,0.1284416707487625,30.834131435745075,0.1507185210195655,0.6705746075422225,0.7357276435125054,1.9711687072809168,0.0521940116827567,0,88.0,357.5934335767962,51928.0,1805.0,468101.0,6383.0,362651000000.0,108694000000.0,0.6322984810232519,0.8218114041817193,27761000000.0,88.0,88.0,357.5934335767962,0.0233063145758375,0.014736547304552127,0.00441684780331776,0.004152919467967613,0.01888946677251974,0.014472618969201979,0.18951292315846738,0.8104870768415326,0.18750261531809242,1153000000.0
SGB,2022,568001000000.0,1879253000000.0,20499407000000.0,27698047000000.0,3899014000000.0,18714226000000.0,75807000000.0,87445000000.0,234350000000.0,1011307000000.0,0.0205068971108324,0.0916735298733275,30.952383021221056,0.1407685531041232,0.6756514638017619,0.7401029754913767,2.1245976189450744,0.0493334758415206,0,88.0,317.7119310975247,57986.0,6058.0,468101.0,0.0,359877000000.0,104640000000.0,0.6335851521388166,0.817810179911655,38205000000.0,88.0,88.0,317.7119310975247,0.0205068971108324,0.012992865525861805,0.0037778836897778387,0.003736147895192755,0.01672901342105456,0.012951129731276722,0.18422502777283842,0.8157749722271616,0.18141869468539668,1594000000.0
SGB,2023,570437000000.0,1704344000000.0,23556779000000.0,31500625000000.0,4069112000000.0,19967377000000.0,136030000000.0,36058000000.0,232424000000.0,1637157000000.0,0.0181087518104799,0.072350468627311,31.081028502833146,0.1291755957223071,0.6338724072935061,0.747819416281423,2.025864488861006,0.0694983384612981,0,88.0,279.3595365171326,61748.0,3762.0,468101.0,0.0,358763000000.0,110392000000.0,0.6289265948737547,0.8224484035923336,39004000000.0,88.0,88.0,279.3595365171326,0.01810875181047995,0.011389075613579096,0.0035044384039999207,0.0032152377929009334,0.01460431340648003,0.011099875002480108,0.19352180871857894,0.8064781912814211,0.18897441785858912,2594000000.0
SGB,2024,630387000000.0,1906050000000.0,24413123000000.0,33260400000000.0,4089832000000.0,21834544000000.0,84378000000.0,96019000000.0,400744000000.0,1470867000000.0,0.0189530793375906,0.0780748124686874,31.135388616079226,0.1229640052434727,0.6564726822287165,0.7339996813026903,2.661566918915274,0.060249030818384,0,88.0,264.5788986302029,68363.0,6615.0,468101.0,0.0,375095000000.0,124918000000.0,0.5950233745302489,0.7931841868566452,33527000000.0,88.0,88.0,264.5788986302029,0.018953079337590648,0.011277525225192722,0.0037557575976236005,0.003919796514774325,0.015197321739967047,0.011441564142343447,0.19816081232639635,0.8018391876736037,0.19312263736403193,3176000000.0
SGB,2025,683600000000.0,2565969000000.0,26326610000000.0,35377029000000.0,4194143000000.0,21972762000000.0,54756000000.0,108713000000.0,485961000000.0,1497071000000.0,0.0193232733025715,0.0974667456235345,31.197083827137565,0.1185555463122694,0.6211025239004666,0.744172440257773,2.955613864110484,0.056865316119318,0,88.0,248.7489834151986,73932.0,5569.0,468101.0,0.0,431858000000.0,136924000000.0,0.6317407840842598,0.83203920421299,37626000000.0,88.0,88.0,248.7489834151986,0.019323273302571563,0.012207299827241004,0.003870421114220756,0.003245552361109803,0.015452852188350807,0.01158243107413005,0.20029842012873025,0.7997015798712697,0.19334991222937392,4750000000.0
SHB,2015,2078640000000.0,20302228000000.0,148828876000000.0,204704140000000.0,11257762000000.0,131427193000000.0,181863000000.0,798176000000.0,1282637000000.0,8295644000000.0,0.0101543622908652,0.1364132320666051,32.952586833110374,0.0549952824598466,0.6420348557679391,0.7270438008728108,1.7216193607665349,0.0557394789435888,0,232.0,113.33429797755925,183424.0,4402.0,3629594.0,0.0,1217053000000.0,381651000000.0,0.5855044644575299,0.7691105722972713,97438000000.0,232.0,232.0,113.33429797755923,0.010154362290865245,0.005945424455020792,0.0018644029378204075,0.0023445348980240454,0.008289959353044838,0.00642555641522443,0.18360610783974138,0.8163938921602586,0.1704311472886118,27386000000.0
SHB,2016,2507759000000.0,19060924000000.0,166576217000000.0,240752689000000.0,13231573000000.0,162376185000000.0,263785000000.0,993341000000.0,1786854000000.0,10393205000000.0,0.0104163281017392,0.1144276436533554,33.114791335807126,0.054959190923097,0.6744522176448048,0.6918976385763235,1.8746468270577976,0.0623930906054854,0,285.0,118.3787401020472,207848.0,24424.0,3478880.0,-150714.0,1393682000000.0,413712000000.0,0.5557479805675106,0.7207207710150776,338065000000.0,285.0,285.0,118.3787401020472,0.010416328101739291,0.005788853307470223,0.0017184107131613389,0.0029090640811077293,0.008697917388577952,0.006979506675416613,0.16497279044756694,0.835027209552433,0.15300234193158113,30019000000.0
SHB,2017,2896897000000.0,17752881000000.0,194889770000000.0,286010081000000.0,14691220000000.0,198290566000000.0,669686000000.0,1088771000000.0,2865240000000.0,13423554000000.0,0.010128653472183,0.0910919080052277,33.287048174378945,0.0513660915329764,0.6932992197572225,0.6814087437708184,2.331778608166361,0.0688776737742571,0,232.0,81.11602192091964,211811.0,3963.0,3486801.0,7921.0,1566067000000.0,408687000000.0,0.5406015471036768,0.6816790517577946,1456865000000.0,232.0,232.0,81.11602192091964,0.010128653472183032,0.005475565737139174,0.0014289251573618483,0.003224162577682009,0.008699728314821183,0.007270803157459335,0.14107750465411784,0.8589224953458822,0.13506210265673926,17426000000.0
SHB,2018,3222791000000.0,18966115000000.0,225224141000000.0,323276008000000.0,16332532000000.0,216988881000000.0,339729000000.0,920954000000.0,3938122000000.0,17085464000000.0,0.0099691623264538,0.0842099559833597,33.40952758819392,0.0505219428470547,0.6712186355629584,0.6966930283301445,2.395885437097581,0.0758598253461648,0,254.0,78.57063119883614,219319.0,7508.0,4281049.0,766260.879999999,1836453000000.0,424756000000.0,0.569833104287557,0.7016306673315148,713942000000.0,254.0,254.0,78.57063119883614,0.009969162326453871,0.005680758715629773,0.0013139113002162536,0.0029744923106078446,0.008655251026237617,0.007341339726021363,0.13179756304395784,0.8682024369560422,0.1251362561208592,21468000000.0
SHB,2019,3951732000000.0,18908003000000.0,259236746000000.0,365254318000000.0,18507443000000.0,265161676000000.0,1069368000000.0,463560000000.0,3522820000000.0,19852265000000.0,0.0108191246626138,0.0729372023517067,33.53161498852918,0.0506700183623838,0.7259645209724803,0.7097431384781056,1.9066661805230103,0.0765796720809016,0,263.0,72.0046244600454,278157.0,58838.0,4280834.0,-215.0,2305011000000.0,504694000000.0,0.5832913264361045,0.7110059589061202,694106000000.0,263.0,263.0,72.0046244600454,0.010819124662613845,0.006310701575333601,0.0013817605299330095,0.0031266625573472344,0.009437364132680835,0.008055603602747825,0.12771463247001566,0.8722853675299843,0.11602127877092878,46209000000.0
SHB,2020,4299189000000.0,28131517000000.0,303581729000000.0,412679593000000.0,24036220000000.0,305637310000000.0,704066000000.0,1092911000000.0,3801808000000.0,21353921000000.0,0.0104177407192509,0.0926653823754986,33.65369260392393,0.0582442660303777,0.7406164859719633,0.735635427943247,1.8318395093845048,0.0703399413078644,0,263.0,63.729829257634265,314512.0,36355.0,4280840.0,6.0,2705535000000.0,446779000000.0,0.6293128773822225,0.7332345705201609,522749000000.0,263.0,263.0,63.729829257634265,0.010417740719250928,0.006556018387853746,0.0010826292542166,0.002779093077180582,0.009335111465034327,0.008252482210817726,0.10392169313793834,0.8960783068620616,0.09975974538453648,17893000000.0
SHB,2021,4405941000000.0,29861972000000.0,327196828000000.0,506604328000000.0,35531665000000.0,362416124000000.0,1479683000000.0,1601012000000.0,3031864000000.0,20035980000000.0,0.0086970062363936,0.0912660803667693,33.858751396689,0.070136915608822,0.7153830000441685,0.6458626780622372,1.686613424517503,0.0612352513392947,0,263.0,51.91428210617261,373793.0,59281.0,4347706.0,66866.0,3048550000000.0,458863000000.0,0.6699385790579693,0.7960644502502416,585623000000.0,263.0,263.0,51.914282106172614,0.008697006236393622,0.006017615388394392,0.0009057621000032198,0.0017736287479960104,0.007791244136390402,0.0068854820363871815,0.10414642411235193,0.895853575887648,0.10084338396723878,14553000000.0
SHB,2022,4391593000000.0,25701591000000.0,361675593000000.0,542428085000000.0,42904471000000.0,385633215000000.0,1611827000000.0,1898472000000.0,7342657000000.0,23223586000000.0,0.0080961755510871,0.0710625530100395,33.92707663034403,0.0790970677707442,0.7109388795751607,0.6667715094435053,2.814320856672058,0.0642110953834808,0,263.0,48.48569004313264,401253.0,27460.0,4347706.0,0.0,2790873000000.0,498674000000.0,0.6355035632855777,0.7490555249541567,890554000000.0,263.0,263.0,48.485690043132635,0.008096175551087109,0.005145148411701433,0.0009193366158391301,0.0020316905235465456,0.0071768389352479785,0.006257502319408848,0.11355196166857903,0.8864480383314209,0.10956138239586409,17525000000.0
SHB,2023,5051539000000.0,43074214000000.0,447503426000000.0,630500685000000.0,50098280000000.0,438464147000000.0,761107000000.0,2493596000000.0,9984516000000.0,38304038000000.0,0.0080119484723478,0.0962544899041733,34.07753535777226,0.0794579311202492,0.6954221580266801,0.7097588260352168,3.0194530363733483,0.0855949603389181,0,288.0,45.677983680541125,442555.0,41302.0,4356697.44,12664.0,2945499000000.0,579886000000.0,0.5830894307655549,0.6978833579231992,544927000000.0,288.0,288.0,45.677983680541125,0.008011948472347813,0.0046716824740642435,0.0009197230293254955,0.0024205429689580743,0.007092225443022317,0.0061725024136968214,0.11479392715764443,0.8852060728423555,0.11283175285789143,9912000000.0
SHB,2024,5760231000000.0,37158355000000.0,499896571000000.0,747478069000000.0,58067344000000.0,519949991000000.0,1969398000000.0,2052495000000.0,11042821000000.0,29255227000000.0,0.0077062207426449,0.0743320861866844,34.24772608163256,0.0776843447429626,0.6956056807066001,0.6687775758675804,2.897339025052508,0.0585225598596874,0,293.0,39.19847446387086,480604.0,38049.0,4356697.44,0.0,3177593000000.0,623876000000.0,0.5516433281929145,0.6599507901679638,1283420000000.0,293.0,293.0,39.19847446387086,0.007706220742644959,0.004251085258261939,0.0008346412100553548,0.0026204942743276657,0.006871579532589604,0.00603693832253425,0.10830746197504927,0.8916925380249507,0.10306739434581703,30184000000.0
SHB,2025,6421520000000.0,45549546000000.0,572149573000000.0,892008709000000.0,68130938000000.0,614861980000000.0,1776951000000.0,4324234000000.0,8475768000000.0,37108172000000.0,0.0071989431663721,0.0796112557790897,34.42449701191381,0.0763792296113109,0.6893004225141484,0.641417025671663,2.3707683145410945,0.0648574669127647,0,293.0,32.847212930070164,735970.0,255366.0,4356697.44,0.0,3452569000000.0,689277000000.0,0.5376560378228208,0.6449946430128692,3205638000000.0,293.0,293.0,32.847212930070164,0.007198943166372157,0.0038705552593433254,0.0007727245183208184,0.002555663388708013,0.006426218648051338,0.00565349412973052,0.10733860519004847,0.8926613948099515,0.10033387733745282,44981000000.0
SSB,2015,967923000000.0,6236356000000.0,57018437000000.0,84756842000000.0,5768861000000.0,42805631000000.0,438473000000.0,29830000000.0,143135000000.0,3190529000000.0,0.0114199983996572,0.1093743765722655,32.070807590493914,0.0680636614563813,0.5050404190377928,0.6727296068912053,1.4284055291697488,0.0559560936403781,0,160.0,188.7753203452295,,,,,373381000000.0,246791000000.0,0.3857548585992894,0.6407245204422253,40503000000.0,160.0,160.0,188.7753203452295,0.011419998399657221,0.004405319867863883,0.0029117531302074702,0.004102925401585868,0.008508245269449752,0.0055964921392422816,0.25496966184293585,0.7450303381570642,0.25496862870290304,1000000.0
SSB,2016,1119317000000.0,6875576000000.0,72130806000000.0,103364962000000.0,5879830000000.0,58988895000000.0,739728000000.0,21930000000.0,243043000000.0,4306583000000.0,0.0108287854834213,0.0953209367991812,32.26928716177649,0.0568841693184195,0.5706855965370548,0.6978264646389557,1.7032036284117549,0.0597051833858615,0,160.0,154.79133054777304,165980.0,22009.0,12802.0,0.0,436915000000.0,284106000000.0,0.3903407167049191,0.6441615735310015,44195000000.0,160.0,160.0,154.79133054777304,0.010828785483421356,0.004226915886642516,0.0027485716097878504,0.0038532979869909893,0.008080213873633505,0.005331642263845655,0.2538208568260823,0.7461791431739176,0.24399968909611844,10993000000.0
SSB,2017,1268553000000.0,5810770000000.0,80039516000000.0,125008960000000.0,6174605000000.0,70525510000000.0,203597000000.0,116282000000.0,274860000000.0,5398816000000.0,0.0101476966131067,0.0725987648401072,32.45940653066196,0.0493932994882926,0.5641636407502311,0.6402702334296677,0.8432962767656695,0.0674518821428155,0,162.0,129.59071093784,242951.0,68024.0,,,547997000000.0,311470000000.0,0.431985892587854,0.6775176125869397,65478000000.0,162.0,162.0,129.59071093784,0.010147696613106773,0.004383661779123672,0.002491581403445001,0.0032724534305381,0.007656115209661772,0.005164533806216771,0.24553171999908555,0.7544682800009145,0.23404698108790092,14569000000.0
SSB,2018,1632860000000.0,5696931000000.0,84344557000000.0,140487190000000.0,8301505000000.0,83910159000000.0,355356000000.0,537625000000.0,372772000000.0,6322331000000.0,0.0116228390645438,0.0675435523361632,32.576137426168486,0.0590908324097022,0.5972797875735147,0.6003718702039667,1.5084621636815156,0.0749583757965555,0,162.0,115.31300469459173,274958.0,32007.0,396100.0,,791029000000.0,334558000000.0,0.4844438592408412,0.689334664331296,185851000000.0,162.0,162.0,115.31300469459173,0.011622839064543892,0.005630613011762852,0.0023814128533711865,0.003610813199409854,0.009241426211172705,0.006860013357801518,0.2048908050904548,0.7951091949095451,0.19222407309873474,20683000000.0
SSB,2019,1988350000000.0,9774501000000.0,95727318000000.0,157398288000000.0,10925842000000.0,98613839000000.0,417278000000.0,757451000000.0,1105280000000.0,7313638000000.0,0.0126326024588018,0.102107749430523,32.68980057510556,0.0694152531061837,0.6265242160702535,0.6081852554838462,2.3120578441328097,0.0764007406955661,0,165.0,104.8296027209648,300881.0,25923.0,396100.0,0.0,1034888000000.0,340504000000.0,0.5204757713682199,0.6917252998717529,335486000000.0,165.0,165.0,104.8296027209648,0.012632602458801838,0.0065749635091329585,0.0021633272148423874,0.0038943117348264923,0.01046927524395945,0.008305948029117063,0.1712495285035331,0.8287504714964669,0.16163502401488672,19117000000.0
SSB,2020,2177375000000.0,11094480000000.0,113276597000000.0,180207288000000.0,13670378000000.0,108869236000000.0,305721000000.0,380456000000.0,1334784000000.0,7634064000000.0,0.0120826134401401,0.0979415015442245,32.82512890423612,0.0758591850069903,0.6041333689012622,0.6285905429085643,1.8563196310112804,0.0673931262253579,0,173.0,96.00055686981982,348815.0,47934.0,377995.0,-18105.0,1177906000000.0,353709000000.0,0.5409752569033813,0.7034226993512831,356198000000.0,173.0,173.0,96.00055686981982,0.012082613440140113,0.006536394909844046,0.001962789651437405,0.003583428878858662,0.010119823788702707,0.008157034137265302,0.1624474424479017,0.8375525575520982,0.1512541477696768,24372000000.0
SSB,2021,2529414000000.0,8500025000000.0,109784637000000.0,211663515000000.0,18663264000000.0,127588159000000.0,345515000000.0,331680000000.0,1427414000000.0,6618395000000.0,0.0119501653367137,0.0774245398288286,32.9860189362785,0.0881742136806147,0.6027876793031619,0.518675299330638,1.649533167102129,0.0602852564881186,0,173.0,81.7335004570816,371507.0,22691.0,377995.0,0.0,1316617000000.0,413182000000.0,0.5205225400033368,0.68387341890256,1145887000000.0,173.0,173.0,81.7335004570816,0.011950165336713793,0.006220330414526094,0.001952070010743231,0.003777764911444468,0.009998095325970562,0.00804602531522733,0.1633508788992233,0.8366491211007767,0.16141208991489728,4904000000.0
SSB,2022,3403523000000.0,10755314000000.0,115547271000000.0,231423056000000.0,26232220000000.0,153955992000000.0,453553000000.0,219567000000.0,1786985000000.0,8143873000000.0,0.0147069313612382,0.0930815060097784,33.07526856271691,0.1133518001767291,0.6652577952302211,0.4992902306155701,1.5979274129194012,0.070480877042955,0,181.0,78.21174049313393,456580.0,85073.0,384373.0,6378.0,1800099000000.0,568183000000.0,0.528892856020071,0.6958325241227986,1367317000000.0,181.0,181.0,78.21174049313393,0.014706931361238268,0.007778390930936458,0.0024551702402547133,0.004473370190047097,0.012251761120983555,0.009796590880728841,0.16693966810272767,0.8330603318972724,0.1580979473328078,30093000000.0
SSB,2023,3607148000000.0,15794593000000.0,144840006000000.0,266121915000000.0,30296839000000.0,179751893000000.0,383457000000.0,864311000000.0,2235229000000.0,12647771000000.0,0.0135544943752565,0.1090485525111066,33.21497564677815,0.1138457124059099,0.6754494194888083,0.544261850813752,1.937669162683032,0.0873223589896841,0,181.0,68.0139401522043,558122.0,101542.0,384373.0,0.0,1856595000000.0,671177000000.0,0.514698870132304,0.7007674761334993,1307857000000.0,181.0,181.0,68.0139401522043,0.013554494375256543,0.006976482940159213,0.002522065873455029,0.004055945561642301,0.011032428501801514,0.008510362628346485,0.18606860600119543,0.8139313939988045,0.17487943383526267,40361000000.0
SSB,2024,4130218000000.0,31560724000000.0,168320164000000.0,325698848000000.0,35002855000000.0,209354643000000.0,202862000000.0,695091000000.0,3061403000000.0,10750195000000.0,0.0126810948990522,0.1875041186390479,33.416994291207246,0.1074699994026383,0.6427859486933156,0.5167969276943835,1.8912195799736813,0.0638675411461695,0,181.0,55.57280939476949,609020.0,50898.0,540735.0,156362.0,2113460000000.0,774028000000.0,0.5117066459930202,0.6991127344852015,1111695000000.0,181.0,181.0,55.57280939476949,0.012681094899052269,0.006489000538313233,0.002376514392829538,0.0038155799679094973,0.010304580506222731,0.007928066113393193,0.1874060884921813,0.8125939115078188,0.1764180486356894,45383000000.0
SSB,2025,4659453000000.0,26113574000000.0,191807215000000.0,396443131000000.0,40372594000000.0,237047100000000.0,325473000000.0,573164000000.0,3975433000000.0,14866059000000.0,0.0117531434792346,0.136144899450211,33.6135537192262,0.1018370375043778,0.5979346883929236,0.4838202506275736,2.056160990790438,0.0775052127210126,0,181.0,45.655980857441065,795340.0,186322.0,534357.0,-6378.0,2699925000000.0,847813000000.0,0.579451064320211,0.7614065427851724,725284000000.0,181.0,181.0,45.655980857441065,0.011753143479234604,0.006810371498150639,0.002138548845231474,0.0028042231358524914,0.00961459463400313,0.007476045788771656,0.18195547846496143,0.8180445215350386,0.16488738055733151,79528000000.0
STB,2015,5154547000000.0,33215714000000.0,260994745000000.0,292032736000000.0,22080495000000.0,185916813000000.0,1776909000000.0,1140028000000.0,7861476000000.0,9317743000000.0,0.0176505794199729,0.1272658344136392,33.30788702150206,0.0756096569940707,0.6366300420511761,0.8792102882914845,5.797438556565618,0.0357008835561037,0,552.0,189.01990494654683,738349.0,183933.0,3350406.0,766260.879999999,2858094000000.0,1080196000000.0,0.554480151214064,0.7640419225976599,1171263000000.0,552.0,552.0,189.01990494654683,0.017650579419972973,0.00978689594580246,0.003698886689196378,0.004164796784974135,0.013951692730776594,0.010252806041580215,0.20956177138359586,0.7904382286164041,0.18488782816414323,127183000000.0
STB,2016,5678323000000.0,38584839000000.0,291653101000000.0,332023043000000.0,22191934000000.0,198859665000000.0,2613243000000.0,2621783000000.0,8510318000000.0,13847705000000.0,0.0171021955244232,0.1322970298196829,33.43622548906301,0.0668385356615143,0.5989333246367482,0.8784122281536948,6.912082447689932,0.0474800540522968,0,552.0,166.25352114491645,801302.0,62953.0,3394954.0,44548.0,3110710000000.0,1210993000000.0,0.5478219537705058,0.7610879127517051,1430044000000.0,552.0,552.0,166.25352114491645,0.017102195524423287,0.009368958165954764,0.003647316129200105,0.004085921229268418,0.013454879395223182,0.009807563266023077,0.21326595898119918,0.7867340410188008,0.20023552728508046,73991000000.0
STB,2017,6336893000000.0,44370773000000.0,319859587000000.0,368468840000000.0,23236292000000.0,222946630000000.0,1474519000000.0,627133000000.0,8303036000000.0,16256169000000.0,0.0171979074268532,0.1387195344562237,33.54037726495956,0.0630617557783176,0.6050623710813647,0.8680777104517169,4.666896288138556,0.050822828705772,0,552.0,149.80913989904818,859674.0,58372.0,3605617.0,210663.0,4108589000000.0,1273795000000.0,0.6483601664096269,0.8493727130945717,2623831000000.0,552.0,552.0,149.80913989904818,0.017197907426853246,0.011150438121171929,0.003456995169523697,0.0025904741361576196,0.013740912257329548,0.01028391708780585,0.2010125466849448,0.7989874533150552,0.19128475106018045,61644000000.0
STB,2018,7837830000000.0,51792625000000.0,349388922000000.0,406040598000000.0,24632367000000.0,256622753000000.0,193601000000.0,311452000000.0,4957452000000.0,18661777000000.0,0.0193030697881102,0.1482377423517738,33.637474265605,0.0606647884997943,0.6320125481639647,0.8604778037490725,2.128612890377651,0.0534126179306852,0,552.0,135.94699710298428,959957.0,100283.0,3613144.0,7527.0,4832476000000.0,1385383000000.0,0.61655789931652,0.7933138381414243,2682144000000.0,552.0,552.0,135.94699710298428,0.0193030697881102,0.01190146015891741,0.0034119322226000663,0.003989677406592725,0.015891137565510135,0.012479205342910069,0.17675593882490437,0.8232440611750956,0.16739952257193638,73334000000.0
STB,2019,9265703000000.0,67193213000000.0,400844380000000.0,453581057000000.0,26741640000000.0,296029774000000.0,298378000000.0,412614000000.0,5022334000000.0,21296283000000.0,0.0204278879309547,0.1676291756915738,33.748195106006214,0.0589566949221162,0.6526502141821148,0.8792102882914845,1.936739647005912,0.0531285557751863,0,557.0,122.80054279250908,1230582.0,270625.0,3446524.0,-166620.0,5465357000000.0,1609952000000.0,0.5898480665741175,0.7636019630674542,3322990000000.0,557.0,557.0,122.80054279250909,0.020427887930954753,0.01204935020026641,0.003549425125132596,0.004829112605555748,0.016878462805822156,0.01332903768068956,0.17375389649333678,0.8262461035066632,0.16105858346635976,117631000000.0
STB,2020,10894615000000.0,80033109000000.0,427971850000000.0,492516029000000.0,28956242000000.0,340268127000000.0,277382000000.0,958159000000.0,4544718000000.0,22061113000000.0,0.0221203257528903,0.1870055448740378,33.83054812220397,0.0587924865283927,0.6908772648290803,0.8689500946171236,1.6987365378479895,0.0515480469100946,0,552.0,112.07757057588069,1611305.0,380723.0,3485837.0,39313.0,5767650000000.0,1771305000000.0,0.5294037467133992,0.6919891157236855,3744015000000.0,552.0,552.0,112.07757057588069,0.022120325752890368,0.011710583332101055,0.003596441325161419,0.0068133010956278935,0.018523884427728947,0.014927443102567528,0.16258536901028628,0.8374146309897137,0.14839211849156672,154630000000.0
STB,2021,9749916000000.0,95975596000000.0,427386772000000.0,521117123000000.0,34261336000000.0,387929596000000.0,551582000000.0,752821000000.0,4527526000000.0,17726249000000.0,0.0187096442808692,0.2245637962795909,33.88699593663988,0.0657459417237379,0.7444192080404927,0.8201357298328499,1.5033472723230945,0.0414758952811014,0,552.0,105.92628329351597,1790062.0,178757.0,3366121.0,-119716.0,6025532000000.0,1895015000000.0,0.618008606433122,0.8123707937586334,4342519000000.0,552.0,552.0,105.92628329351597,0.018709644280869273,0.011562721188879454,0.0036364473865119953,0.0035104757054778245,0.015073196894357278,0.011436749507845283,0.19436218732551133,0.8056378126744886,0.17565330819260394,182410000000.0
STB,2022,10920717000000.0,85825175000000.0,454740496000000.0,591907695000000.0,38626996000000.0,438627777000000.0,560727000000.0,731065000000.0,3007042000000.0,20243714000000.0,0.0184500338350897,0.1887344007295097,34.014371818047564,0.0652584791958144,0.741040842525286,0.7682625176886744,0.9800642424886832,0.0445170689174777,0,552.0,93.2577840536437,1903229.0,113167.0,2618285.0,-678906.76,6882923000000.0,2039743000000.0,0.6302629213814441,0.817040309715928,5194080000000.0,552.0,552.0,93.2577840536437,0.018450033835089776,0.011628372224490171,0.0034460491344009306,0.0033756124761986747,0.015003984700688845,0.011557935566287914,0.1867773883344839,0.813222611665516,0.16825195635048507,202311000000.0
STB,2023,12889906000000.0,93252953000000.0,510744394000000.0,674389660000000.0,45733864000000.0,482731122000000.0,1490299000000.0,4593502000000.0,4900265000000.0,33854996000000.0,0.0191134395506597,0.1825824308509199,34.14482919035156,0.067815191591164,0.7158044534668577,0.7573431567737856,2.2754004246695327,0.0662855949036613,0,552.0,81.85178877149451,2143860.0,240631.0,2615561.0,-2724.0,6869829000000.0,2725472000000.0,0.5329619160915525,0.7444042648565474,2617903000000.0,552.0,552.0,81.85178877149451,0.019113439550659778,0.010186735366019698,0.004041390551569252,0.004885313633070828,0.015072048999090527,0.011030658447521276,0.21144234876499488,0.7885576512350052,0.1881238699490904,300573000000.0
STB,2024,13982389000000.0,101706340000000.0,566881814000000.0,748094546000000.0,54972070000000.0,539314658000000.0,1459877000000.0,2627546000000.0,8869767000000.0,25457023000000.0,0.0186906709516366,0.1794136581703783,34.248550484311146,0.0734827840864916,0.7209177782189045,0.7577676070906685,2.4025288035097314,0.0449071082742478,0,546.0,72.9854271655123,2387927.0,244067.0,2615257.0,-304.0,7419160000000.0,2728479000000.0,0.5306074662920621,0.7257442916228407,2978425000000.0,546.0,546.0,72.9854271655123,0.01869067095163664,0.009917409556946562,0.0036472381928045763,0.005126023201885502,0.015043432758832064,0.011396194566027487,0.19513682533077858,0.8048631746692214,0.17784671846849634,241757000000.0
STB,2025,13044879000000.0,92346455000000.0,618341672000000.0,917119803000000.0,59866744000000.0,626392336000000.0,6920385000000.0,3310299000000.0,29906074000000.0,30800235000000.0,0.0142237458588602,0.149345352548065,34.45225922632542,0.0652769069037319,0.682999466319451,0.674221263107978,6.407606813375827,0.049811029071319,0,535.0,58.33479969028649,2511858.0,123931.0,2606534.0,-8723.0,6985596000000.0,2742993000000.0,0.5355048521339293,0.7457784008575319,3078530000000.0,535.0,535.0,58.33479969028649,0.014223745858860274,0.007616884922939561,0.002990877517885196,0.0036159834180355174,0.011232868340975078,0.008241990823089882,0.21027354872360257,0.7897264512763974,0.19691903619803602,174208000000.0
TCB,2015,3678848000000.0,26787141000000.0,142239546000000.0,191993602000000.0,16457566000000.0,112179889000000.0,309301000000.0,537739000000.0,1016666000000.0,6165707000000.0,0.0191613051772423,0.1883241458040087,32.88848316448444,0.0857193460019568,0.5842897254461635,0.7408556562212943,1.661354826264804,0.0433473472981979,0,312.0,162.50541515440707,642073.0,45006.0,22250.0,-862.0,1898079000000.0,945561000000.0,0.5159438498138548,0.7729702341602589,1272138000000.0,312.0,312.0,162.50541515440707,0.01916130517724231,0.009886157560604545,0.004924960989064625,0.004350186627573141,0.014236344188177687,0.009311383199113062,0.2570263843464041,0.7429736156535959,0.23541771772032988,79495000000.0
TCB,2016,4175422000000.0,35826887000000.0,173448929000000.0,235363136000000.0,19586476000000.0,142616004000000.0,396736000000.0,474551000000.0,1375017000000.0,7593856000000.0,0.0177403397616184,0.206555827162242,33.092150696962115,0.0832181127974093,0.6059402777502081,0.7369417825907962,1.575071476550416,0.0437815098875588,0,312.0,132.5611161129328,802879.0,161042.0,615768.0,593518.0,2315874000000.0,962776000000.0,0.5546442970315336,0.7852260202681309,1955764000000.0,312.0,312.0,132.5611161129328,0.017740339761618405,0.009839578276183404,0.004090598113036699,0.0038101633723983015,0.013649741648581706,0.009559143535545007,0.23058172323659737,0.7694182767634026,0.2099076452631614,86323000000.0
TCB,2017,4812465000000.0,38234560000000.0,170970833000000.0,269392380000000.0,26930745000000.0,160849037000000.0,575397000000.0,455567000000.0,1552962000000.0,8664092000000.0,0.017864146714172,0.2236320624348832,33.22719009442683,0.0999684734957982,0.5970808714040092,0.6346535599856239,1.606429263235191,0.0506758483185257,0,312.0,115.81619346471491,828990.0,26111.0,616223.0,455.0,2594878000000.0,993216000000.0,0.5391993500212469,0.7455833964506755,3926084000000.0,312.0,312.0,115.81619346471493,0.017864146714172094,0.009632336296965787,0.003686874884879817,0.00454493553232649,0.014177271829292277,0.01049039694441246,0.20638404642942856,0.7936159535705715,0.19000616108376892,78818000000.0
TCB,2018,5842507000000.0,54612613000000.0,201414532000000.0,320988941000000.0,51782705000000.0,159939217000000.0,237758000000.0,862510000000.0,1703181000000.0,10023687000000.0,0.0182015834620296,0.2711453461560559,33.402427786751694,0.1613223958391763,0.4982701787224501,0.6274812190492257,1.7528215109368706,0.0497664537929169,0,314.0,97.8226848008449,887850.0,58860.0,647826.0,31603.0,3239958000000.0,1020053000000.0,0.5545492714001027,0.7291409321375225,3272580000000.0,314.0,314.0,97.8226848008449,0.018201583462029616,0.010093674847196683,0.0031778446846865045,0.004930063930146429,0.015023738777343112,0.011845894092656607,0.17459166073741975,0.8254083392625803,0.1592999375097026,89342000000.0
TCB,2019,7312509000000.0,76053396000000.0,231296761000000.0,383699461000000.0,62072767000000.0,230802027000000.0,218128000000.0,305230000000.0,2554518000000.0,10758497000000.0,0.0190579079286222,0.3288130610700597,33.58088070843718,0.1617744440876345,0.6015177253532811,0.6028071042820673,1.3335567455826547,0.0465138247223444,0,311.0,81.05301977476586,1016803.0,128953.0,2064499.0,766260.879999999,4261656000000.0,990530000000.0,0.5827898468227526,0.7182467741236285,3253353000000.0,311.0,311.0,81.05301977476586,0.019057907928622293,0.011106755242483909,0.0025815256487941745,0.005369627037344209,0.016476382279828117,0.013894856631033943,0.1354569273008758,0.8645430726991241,0.12281243004282115,92463000000.0
TCB,2020,8967357000000.0,122972489000000.0,277458651000000.0,439602933000000.0,74614786000000.0,277524615000000.0,416892000000.0,533944000000.0,344356000000.0,10250703000000.0,0.0203987651738438,0.3976197281155396,33.71689301041028,0.1697322296982945,0.6313074690063544,0.6311574154124218,0.580532310053297,0.0369449752712882,0,309.0,70.29070481656682,1296198.0,279395.0,2622454.0,557955.0,5151106000000.0,1294866000000.0,0.5744285635109654,0.7188262940797383,4524940000000.0,309.0,309.0,70.29070481656682,0.020398765173843824,0.011717633376208616,0.002945535397508369,0.005735596400126839,0.017453229776335455,0.014507694378827086,0.14439773056877295,0.8556022694312271,0.1322346149484179,109071000000.0
TCB,2021,11173395000000.0,147861145000000.0,314752525000000.0,568728950000000.0,93041472000000.0,347341244000000.0,678516000000.0,860243000000.0,755115000000.0,8804638000000.0,0.0196462567977241,0.3976197281155396,33.97442507451977,0.163595456148311,0.6107324833736704,0.5534315160147906,0.6604093350918039,0.0354836505465313,0,307.0,53.98001983194279,1906692.0,610494.0,2622527.0,73.0,6356228000000.0,1614414000000.0,0.5688716813466275,0.7133590103992564,6382240000000.0,307.0,307.0,53.98001983194279,0.019646256797724117,0.011176199136688927,0.0028386351705852147,0.0056314224904499745,0.0168076216271389,0.013968986456553686,0.14448732905262904,0.8555126709473709,0.12973326370364605,164853000000.0
TCB,2022,13023129000000.0,123079324000000.0,358403785000000.0,699032544000000.0,113424966000000.0,420523705000000.0,901592000000.0,1131097000000.0,999926000000.0,14462861000000.0,0.0186302184523185,0.3434096657210246,34.18071841501848,0.1622599219071551,0.601579581107457,0.5127140189341457,0.7211519740605349,0.0403535386770538,0,300.0,42.91645683380372,3265918.0,1110390.5699999956,2635698.0,13171.0,6515485000000.0,2415899000000.0,0.500301041324247,0.6858093780688189,8152605000000.0,300.0,300.0,42.91645683380372,0.01863021845231858,0.009320717691793188,0.0034560608382776525,0.0058534399222477385,0.015174157614040926,0.011718096775763274,0.18550833674457193,0.8144916632554281,0.1661187568671093,252513000000.0
TCB,2023,13251796000000.0,172755713000000.0,454660779000000.0,849482012000000.0,131616065000000.0,518641568000000.0,1856801000000.0,2762221000000.0,1380121000000.0,29016639000000.0,0.0155998547500732,0.3799661659401679,34.375647882007634,0.1549368475621117,0.6105386113814497,0.5352211966555449,1.1567030816935986,0.0638204136803275,0,301.0,35.433357710698644,4493680.159999998,1110390.5699999956,2639010.0,3312.0,6573569000000.0,3172030000000.0,0.496051176761248,0.7354172219373133,8714897000000.0,301.0,301.0,35.433357710698644,0.015599854750073272,0.007738326306078392,0.003734075536846094,0.004127452907148787,0.011865779213227179,0.008131703676381085,0.2393660451760652,0.7606339548239348,0.19589201342972679,576109000000.0
TCB,2024,15369735000000.0,191719796000000.0,533392350000000.0,978798549000000.0,147939621000000.0,631724964000000.0,1365655000000.0,2465618000000.0,3269527000000.0,24581499000000.0,0.0157026540504199,0.359434843788067,34.517346965068505,0.1511440951267695,0.6454085620022716,0.5449459958281977,1.1240334646645371,0.0460852110083693,0,299.0,30.54765460221376,4493680.159999998,1110390.5699999956,1960988.0,-678022.0,6894019000000.0,3884925000000.0,0.4485450790140494,0.7013096842593578,8042248000000.0,299.0,299.0,30.547654602213758,0.01570265405041993,0.00704334820177589,0.003969075152358037,0.004690230696286003,0.011733578898061894,0.007764503745703857,0.2527646052453084,0.7472353947546917,0.20501615675221468,733881000000.0
TCB,2025,16432434000000.0,213415080000000.0,618911535000000.0,1192344137000000.0,179501442000000.0,767617129000000.0,918063000000.0,1339119000000.0,5941193000000.0,29862359000000.0,0.0137816201632398,0.3448232387525303,34.668147232809,0.1505449948801148,0.6437882362816533,0.5190712276719149,1.0680291893277956,0.048249801968871,0,302.0,25.32825806145596,4493680.159999998,1046943.0,1962950.0,1962.0,7109261000000.0,4342203000000.0,0.4326359077419693,0.6968817887843031,8771995000000.0,302.0,302.0,27.2746987880893,0.013781620163239834,0.005962423749478293,0.003641736362226101,0.00417746005153544,0.010139883801013733,0.006498147438787632,0.2642458810423337,0.7357541189576663,0.196192846415814,1118277000000.0
TPB,2015,794793000000.0,4979669000000.0,39505447000000.0,76220834000000.0,4798665000000.0,28240322000000.0,37704000000.0,68066000000.0,122010000000.0,1918454000000.0,0.0104275033254031,0.1260501874589597,31.96465595332437,0.0629573929878542,0.3705065992849147,0.5183024761969935,0.8065772054582097,0.0485617590910944,0,43.0,56.41502164618141,81705.0,22327.0,,,345126000000.0,137027000000.0,0.4342338193718364,0.6066397162531628,68383000000.0,43.0,43.0,56.41502164618141,0.010427503325403131,0.004527974595502327,0.0017977630630491397,0.0041017656668516644,0.008629740262353991,0.006831977199304852,0.17240589688132635,0.8275941031186737,0.1628046547969094,7631000000.0
TPB,2016,1330576000000.0,7460570000000.0,55082028000000.0,106311115000000.0,5681486000000.0,46642977000000.0,81831000000.0,79322000000.0,188720000000.0,3052861000000.0,0.0125158691073835,0.1354447225508835,32.297390958368965,0.0534420695333691,0.4387403612500913,0.5181210638229126,0.7501086390776472,0.055423903419097,0,54.0,50.79431252320136,103947.0,22242.0,,,582714000000.0,200233000000.0,0.4379411623236854,0.588427117278532,86118000000.0,54.0,54.0,50.79431252320136,0.01251586910738355,0.005481214264378659,0.0018834625147144774,0.005151192328290415,0.010632406592669074,0.008748944077954596,0.15048595495484662,0.8495140450451535,0.14102689361599788,12586000000.0
TPB,2017,1941603000000.0,11409904000000.0,70298586000000.0,124118747000000.0,6676717000000.0,63422643000000.0,254740000000.0,153408000000.0,286408000000.0,4152181000000.0,0.0156431082888711,0.1623063086930368,32.45225986038849,0.0537929777844115,0.5109835905771752,0.5663816925254651,1.0951230777310872,0.0590649291295844,0,62.0,49.9521639547328,162708.0,58761.0,,,961525000000.0,284843000000.0,0.4952222467723834,0.6419273146982158,165063000000.0,62.0,62.0,49.9521639547328,0.01564310828887114,0.007746815233318461,0.002294923264089993,0.005601369791462688,0.013348185024781148,0.011053261760691154,0.1467050679258324,0.8532949320741675,0.13286650257544927,26869000000.0
TPB,2018,2846688000000.0,13825712000000.0,76138062000000.0,136179403000000.0,10621685000000.0,77185148000000.0,295942000000.0,242441000000.0,322951000000.0,4996062000000.0,0.0209039541758014,0.1815873905485012,32.544994272070106,0.077997735090673,0.5667901775131148,0.5591011586385057,1.1159323034529909,0.0656184550639074,0,64.0,46.99682814735206,212497.0,49789.0,,,1509599000000.0,352708000000.0,0.5303001242145258,0.6542013034094358,676185000000.0,64.0,64.0,46.99682814735206,0.020903954175801463,0.01108536949600227,0.002590024572218164,0.0072285601075810285,0.018313929603583298,0.015723905031365133,0.12390117919490999,0.8760988208050899,0.11389657033015209,28480000000.0
TPB,2019,3303325000000.0,14340219000000.0,92439495000000.0,164438534000000.0,13074679000000.0,95643700000000.0,480956000000.0,305467000000.0,448612000000.0,6217441000000.0,0.0200885091811874,0.155130866952486,32.733557962812675,0.0795110408853438,0.5816379997647023,0.5621522690052686,1.2912873508657652,0.0672595734106942,0,75.0,45.60974740871869,370895.0,158398.0,,,1816921000000.0,480184000000.0,0.5500279264074833,0.6953917643586387,1173945000000.0,75.0,75.0,45.60974740871869,0.02008850918118742,0.011049241049546209,0.0029201427932944233,0.006119125338346788,0.017168366387892996,0.014248223594598573,0.1453638379511553,0.8546361620488447,0.1291504771707295,53558000000.0
TPB,2020,4197293000000.0,21201387000000.0,115903526000000.0,206314594000000.0,16744398000000.0,119990991000000.0,661225000000.0,330799000000.0,428425000000.0,7209178000000.0,0.0203441400757136,0.1829227093574357,32.96042327514208,0.0811595422086331,0.5815923569614275,0.5617805495620926,1.1837963735127417,0.0621998160780716,0,85.0,41.19921831608286,483915.0,113020.0,,,2254907000000.0,702215000000.0,0.5372288758492676,0.7045307535118468,937033000000.0,85.0,85.0,41.19921831608286,0.020344140075713692,0.010929459502995701,0.003403612834097427,0.006011067738620564,0.016940527241616266,0.013536914407518839,0.1673018776625792,0.8326981223374208,0.1478069317533944,81826000000.0
TPB,2021,4570696000000.0,30774996000000.0,139562262000000.0,292827078000000.0,25987070000000.0,141227857000000.0,510516000000.0,348890000000.0,297430000000.0,7480768000000.0,0.0156088570470248,0.2205108713414232,33.310603373247936,0.0887454472362695,0.4822909751536024,0.4766029936616722,0.8191273482256407,0.0536016534326449,0,120.0,40.97981676407672,620296.0,136381.0,,,2537952000000.0,816441000000.0,0.5552659813735151,0.7338910747947358,1542466000000.0,120.0,120.0,40.979816764076716,0.015608857047024865,0.00866706732633517,0.0027881335482232966,0.004153656172466399,0.012820723498801569,0.010032589950578272,0.17862509342122077,0.8213749065787792,0.15808970887584736,93861000000.0
TPB,2022,5945257000000.0,32525186000000.0,194959921000000.0,328634007000000.0,32239052000000.0,160992963000000.0,385026000000.0,467003000000.0,505421000000.0,10424418000000.0,0.0180908149289613,0.1668301147906189,33.42596580674297,0.0981001701385091,0.4898852814097233,0.5932432945078626,0.8431734994528922,0.0534695436196858,0,124.0,37.73194415634533,750811.0,130515.0,,,3201585000000.0,1023737000000.0,0.5385107826289091,0.7107046844232301,2691980000000.0,124.0,124.0,37.73194415634533,0.018090814928961384,0.009742098905789746,0.0031151280092568145,0.005233588013914823,0.01497568691970457,0.011860558910447756,0.1721939017943211,0.827806098205679,0.154653028456129,104285000000.0
TPB,2023,6701533000000.0,44038415000000.0,208261560000000.0,356633972000000.0,32742917000000.0,205262092000000.0,1659094000000.0,1426187000000.0,1115066000000.0,16134589000000.0,0.0187910673860313,0.2114572415572033,33.50773108322497,0.0918109870923906,0.5755539519942312,0.5839644463259378,2.046333523678596,0.0774727174808447,0,132.0,37.01273865182984,886455.0,135644.0,,,3787673000000.0,1137440000000.0,0.5651950083659962,0.7349233376900479,2279248000000.0,132.0,132.0,37.012738651829835,0.0187910673860313,0.01062061748845396,0.0031893764736467675,0.004981073423930571,0.01560169091238453,0.012412314438737762,0.16972832932405169,0.8302716706759483,0.1535915737488721,108141000000.0
TPB,2024,6278857000000.0,50724387000000.0,242805789000000.0,418028391000000.0,37594469000000.0,250331368000000.0,1502788000000.0,1188627000000.0,1111841000000.0,13041982000000.0,0.015020168809539,0.2089092982869531,33.666570467199406,0.0899328127213254,0.5988381970926946,0.5808356423332022,1.519288625467025,0.0537136369512178,0,140.0,33.49054825321661,1027747.0,141292.0,,,3506951000000.0,1159277000000.0,0.5585333445243298,0.743165197105142,3363610000000.0,140.0,140.0,33.49054825321661,0.015020168809539063,0.008389265120511875,0.002773201593381728,0.00385770209564546,0.012246967216157334,0.009473765622775606,0.1846318525808121,0.8153681474191878,0.1678146197628008,105593000000.0
TPB,2025,6573410000000.0,55597578000000.0,279050251000000.0,505901570000000.0,46048761000000.0,305816635000000.0,1157611000000.0,1406408000000.0,1373983000000.0,17379406000000.0,0.0129934564148516,0.1992385880348124,33.857363240601735,0.0910231628654562,0.604498292029416,0.55159000791399,1.287700389483391,0.0622805603568512,0,140.0,27.673367370652755,1203852.0,176105.0,,,3668694000000.0,1235329000000.0,0.5581112390676986,0.746039422461097,4157757000000.0,140.0,140.0,27.673367370652755,0.012993456414851608,0.007251794059464967,0.002441836660044364,0.003299825695342278,0.010551619754807244,0.00810978309476288,0.18792818339339856,0.8120718166066014,0.17614571432483295,77451000000.0
VAB,2015,438876506250.0,897958032317.0,24439799870488.0,41878178654095.0,3919558032258.0,20267711996409.0,9736187288.0,71959903858.0,377084396022.0,1768795035366.0,0.0104798374799207,0.036741627880567,31.365786011350394,0.0935942812755237,0.4839683254569417,0.5835927123850261,2.26360275520634,0.0723735482589564,0,83.0,198.193910689294,94525.0,21245.0,123326.0,19026.0,233806950789.0,88668581536.0,0.5327397285099036,0.7347751081059377,-4021753747.0,83.0,83.0,198.19391068929394,0.010479837479920704,0.005583025773880868,0.0021172979433605253,0.0027795137626793107,0.008362539536560179,0.006245241593199653,0.20203537959603413,0.7979646204039659,0.1864638010251204,6834000000.0
VAB,2016,485257225366.0,1725172042000.0,32189715999129.0,61465192184379.0,4017651771734.0,30415689594862.0,309791704057.0,7253711894.0,333980384333.0,2307664980223.0,0.0078948297096405,0.053593888248243,31.74949214977165,0.0653646662273848,0.4948441307012127,0.5237064239963414,2.1404275522129708,0.071689510410264,0,91.0,148.05127384459246,94525.0,0.0,112002.0,-11324.0,249168954660.0,96762577801.0,0.5134780929270389,0.7128828060212496,-4272904109.0,91.0,91.0,148.05127384459246,0.007894829709640526,0.0040538221032899455,0.0015742662531785204,0.0022667413531720602,0.006320563456462006,0.0047462972032834855,0.19940471309421076,0.8005952869057893,0.18690824795569316,6064000000.0
VAB,2017,558703451758.0,807058490380.0,34402402943369.0,64434160341812.0,4116453259271.0,34226235570361.0,17919573008.0,22724257699.0,875079866035.0,2986215394763.0,0.0086709200336308,0.0234593639202624,31.79666504849549,0.0638861938672581,0.5311815252778461,0.5339155932330032,2.6755022323722684,0.0868025236399537,0,90.0,139.67746226933923,94584.0,59.0,112002.0,0.0,246239948861.0,117372297413.0,0.4407346116910295,0.6508143902277108,-7000272670.0,90.0,90.0,139.67746226933923,0.008670920033630848,0.0038215745740262613,0.0018215849603744412,0.0030277604992301455,0.006849335073256407,0.005027750112881965,0.21007977853668122,0.7899202214633188,0.19896475860891846,6210000000.0
VAB,2018,564180912736.0,,41367098156574.0,71291315719869.0,4234868909320.0,37916118452171.0,,,,3134387962456.0,0.0079137396615442,,31.89779563677036,0.0594023110186439,0.5318476460885925,0.5802543793569646,,0.0757700709533063,0,90.0,126.24258521703348,94584.0,0.0,112002.0,0.0,,,,,-7478852442.0,90.0,90.0,126.24258521703348,0.007913739661544244,,,,,,,,,5569000000.0
VAB,2019,601331722462.0,,47428710471366.0,76446763638805.0,4442266453212.0,42623753622624.0,,,,3899112159152.0,0.0078660193556808,,31.967615714363795,0.0581092807826474,0.5575612569292316,0.6204148902294512,,0.0822099551179237,0,97.0,126.88568538794492,,,,,,,,,-13144042978.0,97.0,97.0,126.88568538794493,0.007866019355680862,,,,,,,,,1000000.0
VAB,2020,616682423678.0,2395939738749.0,59271859700279.0,86529349853461.0,5723927655972.0,48378542968777.0,148559266976.0,507116969257.0,456164945758.0,4477575756332.0,0.00718813045111867,0.0404228878740196,32.09150477697986,0.0661501290101633,0.5590998089169389,0.6849913907900262,2.298211384143112,0.0755430279895692,0,97.0,112.10069203602156,113053.0,14869.0,112002.0,0.0,289529461763.0,107899995645.0,0.4694952387911374,0.6444637339226605,16500679295.0,97.0,97.0,112.10069203602157,0.007126858398015965,0.0033460260854071286,0.0012469756889163107,0.0025338566236925253,0.0058798827090996535,0.004632907020183343,0.17496849513152307,0.8250315048684769,0.17350258664233933,904000000.0
VAB,2021,661502856039.0,7965921536741.0,67690998877873.0,101033268773690.0,6377817280054.0,54458731509641.0,111288950332.0,5767026617.0,910900708977.0,3928520601440.0,0.00718813045111867,0.1176806616654156,32.24647097233049,0.0631259124589943,0.5390178123567012,0.6699872200462781,1.8875883764277863,0.0580360855440731,0,97.0,96.00797952729376,114495.0,1442.0,112002.0,0.0,311201482112.0,121912100684.0,0.4704461655319786,0.654741818333835,40814909584.0,97.0,97.0,96.00797952729377,0.006547376562869967,0.0030801881982961215,0.001206653037793696,0.00226053532678015,0.005340723525076271,0.0041340704872825755,0.18429565280185647,0.8157043471981434,0.17724806418233713,4662000000.0
VAB,2022,816418234131.0,2835205934885.0,70208558474916.0,105147556309591.0,7261906213475.0,62508119103848.0,14356843340.0,30320191103.0,912678456645.0,4307488902233.0,0.0077645003154156,0.0403826256580664,32.286385777765275,0.0690639561046328,0.5944799983729754,0.6677145997401743,1.5315698261492965,0.0613527609140696,0,97.0,92.25131177979851,128623.0,14128.0,112002.0,0.0,347398211229.0,137231284829.0,0.4255150077567444,0.593604449040561,72798979767.0,97.0,97.0,92.25131177979851,0.007764500315415611,0.0033039114119413175,0.0013051305198662282,0.0031554583836080653,0.006459369795549383,0.005154239275683155,0.16808944128381667,0.8319105587161834,0.15657328497208564,9402000000.0
VAB,2023,909264656851.0,4278845350297.0,86694868216940.0,112195863808294.0,7997093587052.0,69059040694653.0,574538761786.0,21877152309.0,503722486750.0,7042014774515.0,0.0081042618327234,0.0493552321873294,32.351267243883925,0.0712779715366015,0.6155221623201038,0.7727100204431168,1.5930403749876878,0.081227584969545,0,97.0,86.45595007472043,131216.0,2593.0,112002.0,0.0,397303492993.0,160314955957.0,0.4369503312368443,0.6132630854488125,76586075240.0,97.0,97.0,86.45595007472043,0.008104261832723492,0.0035411598922386444,0.0014288847245824121,0.0031342172159024356,0.00667537710814108,0.005246492383558668,0.1763127542119682,0.8236872457880318,0.20449926713413472,-25629000000.0
VAB,2024,1021123000621.0,3626078794832.0,90289420877823.0,119832036692527.0,8856677552392.0,79915536116174.0,13995368819.0,558088521305.0,518959298529.0,4961857966406.0,0.0085212855326916,0.040160616377623,32.417112183994654,0.0739090964056386,0.6668962518030682,0.7534664633089195,1.3652454099374869,0.0549550314772783,0,97.0,80.94663386961288,134150.0,2934.0,112002.0,0.0,456966498978.0,156557610429.0,0.4475136675014606,0.6008327194998868,128629255624.0,97.0,97.0,80.94663386961288,0.008521285532691606,0.0038133917405619583,0.0013064754196801804,0.0034014183724494673,0.007214810113011425,0.005908334693331244,0.1533190519984261,0.8466809480015739,0.14021681065055372,13379000000.0
VAB,2025,972513582449.0,6015477499751.0,99079937892602.0,140485531667485.0,10155027138318.0,88741515803254.0,505799534667.0,5898436855.0,652143922956.0,6173924445883.0,0.00718813045111867,0.0607133757620185,32.576125621944186,0.0722852169741857,0.6316772606398797,0.7052679141871646,1.311496523293919,0.0623125586995749,0,97.0,69.04625611524833,136826.0,2676.0,116566.0,4564.0,496626606137.0,167209118688.0,0.5106628998295186,0.6825978956029773,163597969514.0,97.0,97.0,69.04625611524833,0.006922517720549622,0.0035350729732970994,0.0011902230550243922,0.002197221692228131,0.00573229466552523,0.004542071610500838,0.1719349957734587,0.8280650042265414,0.15862618422204908,12943000000.0
VBB,2015,438216000000.0,,25994883000000.0,33030704000000.0,2750679000000.0,22046389000000.0,,,,1353946000000.0,0.0132669288550434,,31.12845866906112,0.0832764266846991,0.6674513809938777,0.7869914913106303,,0.0520850969015709,0,,,,,,,,,,,2727000000.0,,,,0.013266928855043478,,,,,,,,,
VBB,2016,573743000000.0,1550332000000.0,30182134000000.0,36698310000000.0,3066820000000.0,26312741000000.0,82088000000.0,103518000000.0,260331000000.0,1656034000000.0,0.015634044183506,0.051365884201561,31.23375182088246,0.0835684259029911,0.7170014368509068,0.8224393439370914,1.6947569240315936,0.05486802225449,0,,,,,,,253890000000.0,141143000000.0,0.4425152027998598,0.6885190756139944,2752000000.0,,,,0.015634044183506,0.006918302232446126,0.0038460354168897695,0.004869706534170103,0.011788008766616228,0.007941973349726458,0.24600387281413455,0.7539961271858654,,
VBB,2017,799283000000.0,1582115000000.0,31302611000000.0,41533542000000.0,3329275000000.0,28713347000000.0,30162000000.0,71724000000.0,285538000000.0,1879777000000.0,0.0192442773120578,0.0505425889233329,31.35752245767822,0.0801587064257606,0.6913291190045867,0.7536706356515416,1.3492819210522549,0.0600517637330636,0,,,56862.0,5695.0,,,418386000000.0,147210000000.0,0.5234516435355188,0.7076292126818661,16769000000.0,95.0,95.0,228.73079305396107,0.019244277312057807,0.010073448587649953,0.0035443642153130113,0.005626464509094842,0.015699913096744796,0.012155548881431784,0.1841775691463474,0.8158224308536526,,
VBB,2018,872878000000.0,1566745000000.0,39855470000000.0,51672039000000.0,4506780000000.0,35495274000000.0,40597000000.0,34425000000.0,368613000000.0,2396937000000.0,0.0168926563939154,0.0393106642576288,31.57593791941924,0.0872189309192927,0.6869338753982593,0.7713159916139558,1.2498424438137878,0.0601407284872064,0,,,73504.0,16642.0,,,413924000000.0,160702000000.0,0.4742060173357559,0.6583119290439213,15177000000.0,95.0,95.0,183.85185070788478,0.01689265639391548,0.008010599310780053,0.003110037906574579,0.005772019176560847,0.0137826184873409,0.010672580580766321,0.1841059117081654,0.8158940882918346,,
VBB,2019,1076884000000.0,2398769000000.0,49446570000000.0,68928115000000.0,5018384000000.0,40918793000000.0,87241000000.0,98219000000.0,353590000000.0,3384416000000.0,0.0156232910184762,0.0485123437277853,31.86408526586869,0.0728060530887867,0.5936444511793192,0.7173643149823552,1.317365348484253,0.0684459205158214,0,,,217390.0,143886.0,,,566719000000.0,220110000000.0,0.5262581670820627,0.7306534408534252,48291000000.0,113.0,113.0,163.93890939858142,0.015623291018476277,0.008221884495172978,0.0031933268449311288,0.004208079678372171,0.012429964173545149,0.00923663732861402,0.20439527377136257,0.7956047262286374,,
VBB,2020,1252588000000.0,2379943000000.0,64537150000000.0,91505109000000.0,5277750000000.0,44801916000000.0,94334000000.0,91316000000.0,599085000000.0,4506045000000.0,0.0136887220144177,0.0368771010185606,32.147415922716824,0.0576771074061012,0.4896110882726777,0.7052846633951335,1.751565714287755,0.0698209480895887,0,,,317577.0,100187.0,,,626023000000.0,328952000000.0,0.4997836479353147,0.7624015238849486,62505000000.0,118.0,118.0,128.9545483192638,0.013688722014417795,0.006841399423938176,0.003594903099891395,0.0032524194905882244,0.0100938189145264,0.0064989158146350045,0.26261787594963387,0.7373821240503661,,
VBB,2021,1142313000000.0,3091184000000.0,66755406000000.0,103377281000000.0,5744166000000.0,50530156000000.0,331042000000.0,592140000000.0,921869000000.0,4600290000000.0,0.0110499423949832,0.0463061223835564,32.26940633432522,0.0555650714009396,0.4887936257483886,0.6457454225363114,3.6513859169562033,0.068912621099181,0,,,325628.0,8051.0,,,619975000000.0,316566000000.0,0.542736535432933,0.8198637326196936,94808000000.0,118.0,118.0,114.14500251752607,0.011049942394983284,0.005997207452186714,0.003062239564996878,0.001990495377799692,0.007987702829986405,0.004925463264989527,0.27712719718676054,0.7228728028132394,,
VBB,2022,1367537000000.0,5181225000000.0,75988224000000.0,111306635000000.0,6266793000000.0,63632966000000.0,182284000000.0,327442000000.0,1814563000000.0,5306548000000.0,0.0122862127671005,0.0681845781788504,32.343309986090006,0.0563020614179918,0.5716906813326986,0.6826926714656318,3.652649163014026,0.0698338205667236,0,,,325628.0,0.0,,,666188000000.0,350666000000.0,0.4871444063305051,0.7435659876113041,121714000000.0,118.0,118.0,106.01344654790795,0.012286212767100542,0.005985159824479466,0.0031504501056922618,0.0031506028369288146,0.009135762661408281,0.00598531255571602,0.25642158128079895,0.743578418719201,,
VBB,2023,1469723000000.0,7411858000000.0,89995715000000.0,138258073000000.0,6895659000000.0,80754430000000.0,397017000000.0,251044000000.0,1423071000000.0,7761017000000.0,0.0106302870285194,0.0823578989288545,32.5601431488395,0.049875272021186,0.5840847355076328,0.6509255701835219,2.564728647084748,0.0862376280915152,0,,,339379.0,13751.0,,,666384000000.0,422160000000.0,0.4534078870644332,0.7406456862959891,103348000000.0,118.0,118.0,85.34763825328305,0.010630287028519484,0.004819855980489472,0.0030534202512716925,0.0027570107967583193,0.007576866777247792,0.0045234465259761,0.2872377992315559,0.7127622007684441,,
VBB,2024,1565226000000.0,4596959000000.0,94841470000000.0,162855332000000.0,8701053000000.0,93637036000000.0,583717000000.0,496483000000.0,1498070000000.0,6910284000000.0,0.0096111437112786,0.0484699256559393,32.72388338890171,0.0534281125041702,0.5749706494104841,0.5823663790142284,2.753472461473471,0.0728614181117184,0,,,341969.0,2590.0,,,759118000000.0,409192000000.0,0.4849893881139209,0.7464161724888291,136726000000.0,118.0,118.0,72.45694602126997,0.00961114371127867,0.004661302707608002,0.0025126103946047037,0.002437230609065965,0.007098533316673967,0.004585922922069264,0.2614267843749082,0.7385732156250918,,
VBB,2025,1728781000000.0,4444077000000.0,101449573000000.0,196771033000000.0,12431567000000.0,105235063000000.0,589361000000.0,329790000000.0,2151402000000.0,8653813000000.0,0.0087857494756354,0.0438057733372618,32.913061899672535,0.0631778306515268,0.5348097298447378,0.5155716847814689,2.9178041162953456,0.0853016207372307,0,30.0,15.246146519950424,346318.0,4349.0,,,841956000000.0,444221000000.0,0.4870229369711953,0.7439791390580993,160433000000.0,132.0,132.0,67.08304468778186,0.008785749475635471,0.004278861513117126,0.002257552817746299,0.002249335144772046,0.006528196657889172,0.004270643840142873,0.256956202086904,0.743043797913096,,
VIB,2015,1765240000000.0,10743451000000.0,53303964000000.0,84308832000000.0,8610809000000.0,47777031000000.0,135250000000.0,98039000000.0,755887000000.0,2450185000000.0,0.0209377826512885,0.2015506951790677,32.06550774413178,0.1021341275371956,0.5666906997359422,0.6322465005801527,2.0704007329379674,0.0459662812319173,0,155.0,183.8478796622399,226009.0,17587.0,47981.0,37558.0,867559000000.0,472270000000.0,0.4914680156805873,0.7590067073032563,166103000000.0,155.0,155.0,183.8478796622399,0.02093778265128854,0.010290250492380205,0.005601666976005551,0.005045865182902783,0.015336115675282988,0.009734448699277438,0.26753869162266886,0.7324613083773311,0.257376900591421,17938000000.0
VIB,2016,2092628000000.0,11021818000000.0,59260842000000.0,104516957000000.0,8742774000000.0,60179583000000.0,40543000000.0,167933000000.0,1341243000000.0,2665553000000.0,0.0200218994129344,0.1859882112373631,32.28037044211198,0.0836493354853413,0.575787745140724,0.5669973916289966,2.5751574250688978,0.0449800055152776,0,155.0,148.3012943057651,298578.0,72569.0,3006.0,-44975.0,1118077000000.0,475807000000.0,0.534293242755043,0.761666191984433,255637000000.0,155.0,155.0,148.3012943057651,0.020021899412934495,0.010697565563452062,0.004552438318693109,0.004771895530789324,0.015469461094241386,0.010917022775548277,0.22737294922939003,0.77262705077061,0.21602597308265015,23745000000.0
VIB,2017,2334457000000.0,11143445000000.0,68377753000000.0,123159117000000.0,8787521000000.0,79864220000000.0,103631000000.0,97531000000.0,1907526000000.0,3796588000000.0,0.0189548046207573,0.1629688679591445,32.44449826942358,0.0713509581267946,0.6484637268063557,0.5551984673615352,2.640341319304189,0.055523731527124,0,161.0,130.72519836270018,277425.0,-4555.16,,,1324020000000.0,548913000000.0,0.5671640128732292,0.802299207053289,406891000000.0,161.0,161.0,130.72519836270018,0.01895480462075739,0.010750483051936788,0.0044569416651468845,0.003747379903673716,0.014497862955610504,0.01004092129046362,0.23513519418005985,0.7648648058199401,0.2536859749397826,-43306000000.0
VIB,2018,2689716000000.0,12126600000000.0,84862629000000.0,139166216000000.0,10667645000000.0,96138735000000.0,242532000000.0,386230000000.0,1792889000000.0,5260350000000.0,0.0193273631870539,0.1428968221100008,32.56669013322275,0.076653984757335,0.6908194945819321,0.6097933208157359,2.51891290227607,0.0619866490348772,0,162.0,116.40756259407097,314645.0,37220.0,3880.0,,1639419000000.0,548387000000.0,0.6095137925342303,0.8133966560038309,734745000000.0,162.0,162.0,116.40756259407095,0.019327363187053963,0.01178029443582773,0.003940518149893506,0.0036065506013327267,0.015386845037160457,0.01144632688726695,0.20388286346960052,0.7961171365303995,0.1910216543307918,34593000000.0
VIB,2019,3437100000000.0,13669515000000.0,122357044000000.0,184531485000000.0,13429644000000.0,129199808000000.0,406826000000.0,372158000000.0,1757558000000.0,7648003000000.0,0.0186260897428967,0.111718251382405,32.84884121525651,0.0727769789529412,0.7001504810954077,0.663068657362184,1.963270719411596,0.0625056208451717,0,162.0,87.78989666722727,330456.0,15811.0,1592.0,-2288.0,2276053000000.0,620637000000.0,0.66220156527305,0.8427715225044369,1797300000000.0,162.0,162.0,87.78989666722727,0.018626089742896722,0.012334225782662508,0.0033633122282628355,0.0029285517319713778,0.015262777514633886,0.01189946528637105,0.1805699572313869,0.8194300427686131,0.17138983445346365,31553000000.0
VIB,2020,4464872000000.0,17885854000000.0,150349095000000.0,244675677000000.0,17973814000000.0,169520235000000.0,566114000000.0,796884000000.0,1594447000000.0,8940999000000.0,0.018248123617126,0.1189621660176936,33.13095468217234,0.0734597497404697,0.6928364808407171,0.6144832083166158,1.744597038813685,0.0594682595196199,0,165.0,67.43620862649131,363123.0,32668.0,8237.0,6645.0,3232366000000.0,702733000000.0,0.6699385790579693,0.8534262696341968,2388675000000.0,165.0,165.0,67.43620862649131,0.01824812361712603,0.0132108186626168,0.0028720999513163707,0.002165205003192859,0.015376023665809658,0.012503923714493288,0.15739152208618748,0.8426084779138125,0.1501359949400565,32395000000.0
VIB,2021,5281843000000.0,27953339000000.0,173564890000000.0,309517129000000.0,24290740000000.0,201516754000000.0,1747352000000.0,1603696000000.0,1319110000000.0,9158864000000.0,0.0170647841593283,0.1610541106556746,33.366034550625166,0.0784794692251103,0.6510681804624777,0.5607602091708469,2.3175035858308832,0.052769105548939,0,165.0,53.30884288475033,576025.0,212902.0,,,3593892000000.0,942461000000.0,0.6699385790579693,0.8534262696341968,2741952000000.0,165.0,165.0,53.30884288475033,0.017064784159328383,0.011611286301379463,0.003044939719636647,0.002408558138312273,0.014019844439691736,0.010974904720055089,0.1784341185453638,0.8215658814546362,0.16966426302334242,46321000000.0
VIB,2022,6197114000000.0,27290753000000.0,200123940000000.0,342798925000000.0,32651042000000.0,231944016000000.0,1540756000000.0,1709696000000.0,2436387000000.0,12546784000000.0,0.0180779855129359,0.1363692569714548,33.468165166707934,0.0952483792065567,0.6766182711920699,0.5837939544296996,2.451815355305394,0.0626950678664431,0,177.0,51.63376752129547,626078.0,50053.0,,,4082383000000.0,1210368000000.0,0.658755511033039,0.8534262696341968,3188381000000.0,177.0,177.0,51.63376752129547,0.0180779855129359,0.011908972585021963,0.003530839543910472,0.0026381733840034646,0.014547145969025429,0.011016306425114957,0.19531155954207072,0.8046884404579293,0.18559348754920435,60224000000.0
VIB,2023,6610743000000.0,31229736000000.0,236577266000000.0,409881373000000.0,37939587000000.0,266345545000000.0,2479317000000.0,3697136000000.0,2198138000000.0,18207116000000.0,0.0161284299201369,0.1320064963469482,33.64688889961536,0.0925623595000497,0.6498112930835722,0.5771847211998092,3.144257960087149,0.0769605478490904,0,188.0,45.8669294054502,687609.0,61531.0,,,4350225000000.0,1290219000000.0,0.6580538677725031,0.8532239114423296,2203263000000.0,188.0,188.0,45.8669294054502,0.016128429920136918,0.01061337569004386,0.003147786371838859,0.0023672678582541988,0.01298064354829806,0.009832857176459202,0.19517004366982652,0.8048299563301735,0.18549034503383355,63990000000.0
VIB,2024,7211292000000.0,38534487000000.0,276308322000000.0,493158370000000.0,41861809000000.0,324009713000000.0,2305497000000.0,2670580000000.0,6397437000000.0,15692526000000.0,0.0146226697926672,0.1394619124066773,33.83185147570809,0.0848851232110285,0.6570094572256778,0.5602831439320395,3.5102385958411064,0.0567935337105047,0,191.0,38.729952003045184,769785.0,82176.0,,,4708481000000.0,1390001000000.0,0.6529316799264265,0.8456850727997147,1765459000000.0,191.0,191.0,38.729952003045184,0.014622669792667211,0.009547604352735613,0.0028185692154023465,0.0022564962245292517,0.011804100577264864,0.008985531361862517,0.1927533928732882,0.8072466071267118,0.18310588449337512,69571000000.0
VIB,2025,7435006000000.0,42377916000000.0,294577661000000.0,556098441000000.0,46904739000000.0,381972016000000.0,2149202000000.0,2824185000000.0,6361298000000.0,20231849000000.0,0.0133699457718853,0.1438599106807355,33.95196644666552,0.084346107706495,0.6868784154710479,0.5297221486006648,2.967412408557176,0.0686808664693688,0,202.0,36.32450391998132,836257.0,66472.0,,,4956379000000.0,1354298000000.0,0.666627437825874,0.8487790056927997,2105341000000.0,202.0,202.0,36.32450391998132,0.013369945771885378,0.008912772693782826,0.002435356584644696,0.0020218164934578562,0.010934589187240683,0.008499232602595986,0.1821515678669257,0.8178484321330743,0.17265715723699485,70591000000.0
VPB,2015,5692469000000.0,12568456000000.0,130270670000000.0,193876428000000.0,13388922000000.0,116804247000000.0,1268015000000.0,523016000000.0,1354014000000.0,8405364000000.0,0.0293613259678995,0.0964795529185502,32.89824210296872,0.0690590503348865,0.6024675005875392,0.6719262952379131,2.692577608072761,0.0645223057500203,0,208.0,107.2848319652351,248925.0,24572.0,90132.0,-122880.0,3183691000000.0,740327000000.0,0.5592812187470849,0.6893349792506556,884667000000.0,208.0,208.0,107.2848319652351,0.02936132596789951,0.016421238171357273,0.0038185508554964714,0.009121536941045767,0.025542775112403042,0.02172422425690657,0.1300537605035706,0.8699462394964295,0.12494999972771043,29053000000.0
VPB,2016,6621352000000.0,15238430000000.0,123787572000000.0,228770918000000.0,17177528000000.0,144673213000000.0,2335222000000.0,975528000000.0,896303000000.0,10463257000000.0,0.0289431543916784,0.1231014531895011,33.063742260712104,0.0750861523403949,0.6323933752803318,0.5410983751002826,2.907969563100808,0.0845259086267561,0,214.0,93.54335851377752,323702.0,74777.0,69147.0,-20985.0,3430934000000.0,949653000000.0,0.5181621517780659,0.6615849753947532,852926000000.0,214.0,214.0,93.54335851377753,0.028943154391678404,0.014997247158836859,0.004151108927228242,0.009794798305613302,0.02479204546445016,0.02064093653722192,0.14342282361668737,0.8565771763833127,0.13784571489327255,36928000000.0
VPB,2017,8894970000000.0,19670947000000.0,133550812000000.0,277752314000000.0,29695710000000.0,182666213000000.0,3166441000000.0,1966441000000.0,1067140000000.0,13518945000000.0,0.029760851228186357,0.1472918562262279,33.25775087564671,0.1069143567963217,0.6576586541057584,0.4808270004187976,3.3941810574460205,0.0966493725732364,0,216.0,77.76712888159773,554079.0,230377.0,69147.0,0.0,5060266000000.0,1101356000000.0,0.5688907326275412,0.6927085757456181,1461544000000.0,216.0,216.0,77.76712888159773,0.03202482770314562,0.018218627694313285,0.003965245092431525,0.009840954916400807,0.02805958261071409,0.024094337518282563,0.12381784311807684,0.8761821568819231,0.114711797791336,80998000000.0
VPB,2018,10633924000000.0,22630333000000.0,170850871000000.0,323291119000000.0,34750069000000.0,221961996000000.0,4217034000000.0,1691988000000.0,1857243000000.0,15578639000000.0,0.029760851228186357,0.1324566440167577,33.40957433044038,0.1074884738791726,0.6865700384426583,0.5284737530943434,3.498916544253819,0.0911826724020622,0,221.0,68.35944045836905,890142.0,336063.0,69147.0,0.0,6020762000000.0,1418975000000.0,0.5661844113236092,0.6996229237673695,1612496000000.0,221.0,221.0,68.35944045836905,0.03289271920890595,0.01862334486212719,0.004389155521466706,0.009880218825312054,0.028503563687439244,0.024114408165972538,0.13343851244376018,0.8665614875562399,0.12315604286808898,109343000000.0
VPB,2019,12343718000000.0,27675110000000.0,213949568000000.0,377204126000000.0,42209742000000.0,257183959000000.0,5447770000000.0,1311426000000.0,2038348000000.0,19204323000000.0,0.029760851228186357,0.1293534278134181,33.56380760512219,0.1119015914475972,0.6818163993253881,0.5671983768279353,3.420720341271362,0.0897609804942443,0,227.0,60.17961744140625,1033336.0,143194.0,69147.0,0.0,7327257000000.0,1583073000000.0,0.5936021059457126,0.721851390318541,2791619000000.0,227.0,227.0,60.17961744140625,0.032724239076854636,0.019425177231491897,0.004196860243251952,0.009102201602110787,0.028527378833602686,0.024330518590350736,0.12824928437282834,0.8717507156271718,0.11687216120783057,140436000000.0
VPB,2020,11392021000000.0,35489592000000.0,233427953000000.0,419026527000000.0,52793502000000.0,290816086000000.0,6024814000000.0,1823719000000.0,2075655000000.0,20015944000000.0,0.0271868730640053,0.1520365986330694,33.66895534410921,0.1259908349430106,0.6940278652095933,0.5570720180204725,3.4125306259709443,0.0857478452891201,0,229.0,54.65047801138375,1286591.0,253255.0,65127.0,-4020.0,6699495000000.0,1549971000000.0,0.5880866090397832,0.7241442058437216,3356127000000.0,229.0,229.0,54.65047801138375,0.027186873064005326,0.015988235990605913,0.003698980613702292,0.007499656459697121,0.023487892450303034,0.019788911836600743,0.13605759680393847,0.8639424031960615,0.12035801198049055,178850000000.0
VPB,2021,10718937000000.0,53004407000000.0,241837028000000.0,547409439000000.0,86278147000000.0,355281219000000.0,6662218000000.0,7535242000000.0,2046703000000.0,16478269000000.0,0.019581206015704,0.2191740753611973,33.93621815571858,0.157611726896072,0.6490228222023771,0.4640455663541391,4.572198622184979,0.0681379073183119,0,234.0,42.74679669891479,1487276.0,200685.0,65127.0,0.0,6230506000000.0,1467665000000.0,0.5812615560666137,0.718184181882961,4059031000000.0,234.0,234.0,42.74679669891479,0.019581206015704088,0.011381802278349095,0.002681110144321059,0.005518293593033933,0.01690009587138303,0.01421898572706197,0.13692262581634726,0.8630773741836527,0.11869917697995613,195336000000.0
VPB,2022,14115731000000.0,50149266000000.0,303151417000000.0,631012886000000.0,103501920000000.0,438338047000000.0,7945484000000.0,10031492000000.0,7160158000000.0,21179192000000.0,0.0223699567998996,0.1654264607973117,34.078347399814334,0.1640250497198245,0.694657837779877,0.4804203269471742,5.734645708269992,0.069863410864413,0,260.0,41.20359595952847,1644396.0,157120.0,65127.0,0.0,8327741000000.0,1627331000000.0,0.5899617242635184,0.7052466499963764,6437752000000.0,260.0,260.0,41.20359595952847,0.022369956799899646,0.013197418285369215,0.00257891880832367,0.006593619706206762,0.01979103799157598,0.017212119183252307,0.1152849257328579,0.8847150742671422,0.10294989327864068,174118000000.0
VPB,2023,13941218000000.0,75333245000000.0,442368381000000.0,817566922000000.0,139795527000000.0,566271290000000.0,12074224000000.0,11990997000000.0,4362633000000.0,38382701000000.0,0.0170520817621826,0.1702952747881861,34.337353877123164,0.16992085102831112,0.6926298933605829,0.5410791081393579,5.020182817320652,0.086766375375278,0,263.0,32.16862044230307,1843421.0,199025.0,65127.0,0.0,8609213000000.0,1689084000000.0,0.6175366456503298,0.7386942087843401,7211882000000.0,263.0,263.0,32.16862044230307,0.017052081762182644,0.010530285372773436,0.002065988672667948,0.004455807716741259,0.014986093089514695,0.012920104416846746,0.12115756313401024,0.8788424368659897,0.1059263975357103,212341000000.0
VPB,2024,14339732000000.0,66607350000000.0,485666548000000.0,923847637000000.0,147275262000000.0,697771123000000.0,10852509000000.0,12098440000000.0,6119216000000.0,31031238000000.0,0.015521749935482,0.1371462586301085,34.459568278951906,0.1594150984444202,0.7451122288236933,0.5256998324714014,4.166146182005299,0.0638941226810622,0,287.0,31.06572864460333,2021064.0,177643.0,65127.0,0.0,8395563000000.0,1957629000000.0,0.5854755862940814,0.7219934096397339,5204328000000.0,287.0,287.0,31.06572864460333,0.015521749935482056,0.009087605643786476,0.002118995515707532,0.004315148775988048,0.013402754419774524,0.011283758904066991,0.1365178233456525,0.8634821766543475,0.12141795955461371,216528000000.0
VPB,2025,18630319000000.0,85753335000000.0,628044616000000.0,1260149596000000.0,180275629000000.0,943901630000000.0,11429858000000.0,10879958000000.0,9154889000000.0,42596241000000.0,0.0147842121753931,0.1365401960551159,34.668147232809,0.1430589110786811,0.7451122288236933,0.4983889357212475,3.33347289589912,0.0678235907367447,0,293.0,23.25120770819975,2158054.0,136990.0,47127.0,-18000.0,11202903000000.0,2190530000000.0,0.6013264185116745,0.7189051889020258,7381663000000.0,293.0,293.0,27.2746987880893,0.014784212175393182,0.008890137357945874,0.0017383094887727917,0.004155765328674517,0.01304590268662039,0.011307593197847599,0.11757877039035135,0.8824212296096486,0.10919179644750045,156252000000.0
