Mã,year,opex,dd,td,ta,eq,gl,n3,n4,n5,ie,CI,CASA,lnTA,eq_ratio,loan_ratio,dep_depth,NPL_ratio,cost_dep,SOE,branch_count,branch_den,Land_stock,Land_delta,staff,phys,StaffRatio,PhysCost,fee_income,SW_stock,SW_delta
ABB,2015,1190073000000.0,10278399000000.0,47529915000000.0,64374686000000.0,5790261000000.0,30915308000000.0,77417000000.0,77144000000.0,594792000000.0,2441841000000.0,0.0184866610456165,0.2162511546675393,31.79574159723065,0.0899462406698185,0.4802401366276179,0.7383323780406479,2.4238898088933807,0.0513748236242374,0,145.0,225.24381711158944,346695.0,0.0,538052000000.0,262372000000.0,0.4521168029188125,0.672583950732434,57557000000.0,193808.0,7525.0
ABB,2016,1299207000000.0,10224981000000.0,51524592000000.0,74171503000000.0,5842462000000.0,39796167000000.0,165416000000.0,183624000000.0,671295000000.0,2663061000000.0,0.0175162555354985,0.1984485583117281,31.937401135729484,0.0787696320512744,0.5365425451874691,0.6946683013825404,2.563902699473545,0.0516852418744043,0,159.0,214.368043748554,240663.0,-106032.0,615529000000.0,304751000000.0,0.4737728475908765,0.708339779573232,137052000000.0,203578.0,9770.0
ABB,2017,1603068000000.0,12179501000000.0,57897880000000.0,84503069000000.0,6118589000000.0,47902493000000.0,172679000000.0,222058000000.0,932287000000.0,3208348000000.0,0.0189705299342441,0.210361778358724,32.06780896915877,0.0724067075007654,0.5668728197315532,0.6851571272517925,2.7702608296399105,0.0554139115283668,0,165.0,195.25918046834488,220023.0,-20640.0,732587000000.0,356695000000.0,0.4569905955330653,0.6794983119867654,186296000000.0,223878.0,20300.0
ABB,2018,1670432000000.0,11342439000000.0,62259884000000.0,89997891000000.0,6868745000000.0,52184147000000.0,142084000000.0,189921000000.0,652225000000.0,3439575000000.0,0.0185607904967461,0.1821789292122677,32.13080735265091,0.076321177348478,0.5798374430796384,0.6917926998978232,1.8860708789587,0.0552454450445169,0,165.0,183.337629545119,295398.0,75375.0,795374000000.0,376903000000.0,0.476148684891094,0.7017807369590621,333819000000.0,302543.0,78665.0
ABB,2019,1870980000000.0,7873924000000.0,69574328000000.0,102556924000000.0,7842779000000.0,56802965000000.0,291751000000.0,423449000000.0,597179000000.0,4047648000000.0,0.0182433318690408,0.1131728358195569,32.26143911645144,0.0764724476330823,0.5538676745024061,0.6783971796970042,2.310405803640708,0.0581773208071804,0,165.0,160.88626059026495,230480.0,-64918.0,877938000000.0,420484000000.0,0.4692396498091909,0.6939796256507285,193464000000.0,363838.0,61295.0
ABB,2020,1858323000000.0,12498186000000.0,72508223000000.0,116366981000000.0,8911349000000.0,63293151000000.0,208448000000.0,493346000000.0,621992000000.0,4303080000000.0,0.0159695042702878,0.1723692221777383,32.38776994259952,0.0765797043407012,0.5439098828214852,0.6230996316730086,2.0915153995098144,0.0593460965110122,0,165.0,141.7927994539963,230480.0,0.0,928879000000.0,472511000000.0,0.499847981217474,0.7541154040497804,193827000000.0,393585.0,29747.0
ABB,2021,1829863000000.0,11075462000000.0,67839732000000.0,120936804000000.0,11729061000000.0,68983999000000.0,334497000000.0,418614000000.0,863651000000.0,3402696000000.0,0.015130737207178,0.1632592239603776,32.426289244097326,0.0969850418736053,0.5704136104010157,0.5609519166721157,2.343676828593251,0.0501578632415588,0,165.0,136.4348937152333,228460.0,-2020.0,991083000000.0,494552000000.0,0.5416159570415927,0.8118831846974336,352239000000.0,410369.0,16784.0
ABB,2022,2006536000000.0,9991258000000.0,84124615000000.0,130146645000000.0,13053393000000.0,82010652000000.0,540524000000.0,420714000000.0,1404371000000.0,4395195000000.0,0.0154175007738386,0.1187673548342539,32.49968296908835,0.1002975758614446,0.630140346683543,0.6463832778785807,2.884514318944812,0.0522462420778983,0,165.0,126.78006413457682,347249.0,118789.0,1038874000000.0,518873000000.0,0.5177450093095763,0.7763364325384643,232042000000.0,452772.0,42403.0
ABB,2023,2252222000000.0,11237895000000.0,100034291000000.0,162099173000000.0,13479217000000.0,98107189000000.0,732173000000.0,1089785000000.0,1035207000000.0,7705863000000.0,0.0138940992623077,0.1123404273440594,32.71922944286815,0.0831541379918082,0.6052294233481377,0.6171178368689149,2.9122891289852366,0.0770322148831944,0,165.0,101.78953843274697,370841.0,23592.0,1246455000000.0,574631000000.0,0.5534334537181503,0.8085730447531371,748954000000.0,497688.0,44916.0
ABB,2024,2364544000000.0,10996000000000.0,90719121000000.0,176713113000000.0,14024232000000.0,98738176000000.0,630133000000.0,954041000000.0,2107037000000.0,5992439000000.0,0.013380693485944,0.1212092872901623,32.80554870302705,0.0793615808239426,0.5587484387760178,0.5133694917139511,3.738382811527732,0.0660548617969964,0,165.0,93.37167864843173,346394.0,-24447.0,1215137000000.0,597168000000.0,0.5138990858279652,0.7664501062361284,499749000000.0,521741.0,24053.0
ABB,2025,2999921000000.0,11855247000000.0,133411372000000.0,220494731000000.0,16800695000000.0,113891373000000.0,177703000000.0,250317000000.0,569081000000.0,8515301000000.0,0.0136054090108847,0.0888623422596988,33.02689491483833,0.0761954488608619,0.5165265060234024,0.60505469402804,0.8754842212675757,0.0638273999610767,0,165.0,74.83172012849595,346394.0,0.0,1539919000000.0,694309000000.0,0.5133198507560699,0.7447622787400068,260547000000.0,544841.0,23100.0
ACB,2015,4021683000000.0,26599343000000.0,174918997000000.0,201456985000000.0,12787542000000.0,135348271000000.0,174499000000.0,530241000000.0,1065953000000.0,8198265000000.0,0.0199629861431709,0.1520666334486242,32.936597000581074,0.0634752972203967,0.6718469999935718,0.8682697053169935,1.3082494419156636,0.04686892299068,0,345.0,171.25243882707764,239367.0,7585.0,1998639000000.0,239613000000.0,0.4969658225175878,0.5565461027137146,745226000000.0,357928.0,33621.0
ACB,2016,4677889000000.0,31893354000000.0,207051269000000.0,233680877000000.0,14062716000000.0,163401221000000.0,193836000000.0,180518000000.0,1046193000000.0,9556360000000.0,0.0200182790310222,0.1540360228364502,33.08497752699654,0.0601791476501519,0.699249434090407,0.886042844661183,0.8693613127897006,0.0461545589464607,0,349.0,149.3489773234632,294716.0,55349.0,2309184000000.0,952575000000.0,0.4936380491285706,0.6972715684361044,944382000000.0,428105.0,70177.0
ACB,2017,6217359000000.0,38194539000000.0,241392932000000.0,284316123000000.0,16030847000000.0,198513394000000.0,325864000000.0,275371000000.0,788384000000.0,11861885000000.0,0.0218677679422352,0.1582255896373966,33.281107844198026,0.0563838829498951,0.6982136359533856,0.8490300495550862,0.700012715514803,0.0491393219417045,0,354.0,124.50929488793008,342874.0,48158.0,2668747000000.0,1038298000000.0,0.4292412582255585,0.5962411049450418,1188331000000.0,447559.0,19454.0
ACB,2018,6712217000000.0,45021707000000.0,269998503000000.0,329333241000000.0,21017899000000.0,230527220000000.0,172866000000.0,338018000000.0,1164094000000.0,13652442000000.0,0.0203812314226731,0.1667479874879158,33.428091244643895,0.0638195492692461,0.699981633496875,0.8198337409857755,0.7265857801955015,0.0505648803541699,0,358.0,108.70448391815997,368362.0,25488.0,3220678000000.0,1379216000000.0,0.4798232834248356,0.6853017415855298,1497526000000.0,526382.0,78823.0
ACB,2019,8307596000000.0,56057704000000.0,308129391000000.0,383514439000000.0,27765359000000.0,268700541000000.0,235338000000.0,310859000000.0,903155000000.0,16205362000000.0,0.0216617554782598,0.1819291039328345,33.580398386613794,0.0723971672941367,0.7006269221587248,0.8034362195161053,0.5393930338234787,0.0525927174535583,0,369.0,96.2154126353506,816902.0,448540.0,3763241000000.0,1643038000000.0,0.452987964267882,0.6507633495899415,1896492000000.0,592512.0,66130.0
ACB,2020,7624268000000.0,74064578000000.0,353195838000000.0,444530104000000.0,35448163000000.0,311478989000000.0,212494000000.0,411284000000.0,1216606000000.0,17273625000000.0,0.0171512973618542,0.2096983317226971,33.72803889412354,0.0797429975631076,0.7006926779474085,0.7945375011092612,0.5908533368200961,0.0489066493473232,0,371.0,83.45891462954778,819706.0,2804.0,4337109000000.0,1750411000000.0,0.5688557904837553,0.7984399289217011,1694654000000.0,676176.0,83664.0
ACB,2021,8229776000000.0,94329551000000.0,379920669000000.0,527769944000000.0,44900909000000.0,361912538000000.0,537788000000.0,882155000000.0,1379421000000.0,14769018000000.0,0.0155934912428434,0.2482874944611134,33.89968159256349,0.0850766693148407,0.6857391977592419,0.7198603734812151,0.7734918539904245,0.0388739523934666,0,371.0,70.29578023867157,855886.0,36180.0,5128784000000.0,1692359000000.0,0.6231984928872912,0.8288370181642853,2893963000000.0,723927.0,47751.0
ACB,2022,11605045000000.0,90144575000000.0,413952789000000.0,607875185000000.0,58438663000000.0,413706244000000.0,442270000000.0,437272000000.0,2165373000000.0,17165305000000.0,0.0190911642494503,0.2177653524639013,34.040990688991336,0.0961359575814893,0.6805776156169296,0.6809832005233114,0.7360089542182496,0.041466818091664,0,384.0,63.17086294614906,874309.0,18423.0,6069294000000.0,1733724000000.0,0.5229875455028395,0.6723815375123492,3526244000000.0,835179.0,111252.0
ACB,2023,10874286000000.0,103970539000000.0,482702731000000.0,718794589000000.0,70955961000000.0,487601852000000.0,940414000000.0,1048813000000.0,3897998000000.0,27387226000000.0,0.0151285028663453,0.2153924813820869,34.20859674298546,0.0987152130606815,0.678360493334209,0.6715447478138987,1.2073836421769786,0.0567372509852238,0,384.0,53.42277277493529,1152201.0,277892.0,6215207000000.0,1780389000000.0,0.5715508126234679,0.7352754930300711,2922337000000.0,949476.0,114297.0
ACB,2024,10902603000000.0,118184292000000.0,537304578000000.0,864005703000000.0,83461678000000.0,580686248000000.0,923291000000.0,978211000000.0,6748132000000.0,23108047000000.0,0.012618670180236,0.2199577238666297,34.39260048540526,0.0965985267344931,0.6720861285796397,0.6218761937963736,1.4895537874008684,0.0430073517817672,0,388.0,44.907110989289386,1842793.0,690592.0,6468329000000.0,1645532000000.0,0.5932829985646547,0.7442131938583841,3238785000000.0,1107472.0,157996.0
ACB,2025,10924359000000.0,124538983000000.0,585180175000000.0,1025850127000000.0,94519719000000.0,686777352000000.0,764791000000.0,770229000000.0,5136367000000.0,31850134000000.0,0.0106490789565404,0.2128216031925552,34.56429805594053,0.0921379415104366,0.669471430498736,0.5704343739872637,0.9714046307106528,0.0544279101731359,0,389.0,37.919769151619946,1827344.0,-15449.0,6231750000000.0,1648010000000.0,0.5704453689227899,0.7213018173423265,3146740000000.0,1290183.0,182711.0
AGRB,2015,16006100000000.0,117801704000000.0,763361419000000.0,874807327000000.0,42508067000000.0,630478892000000.0,3244561000000.0,2753618000000.0,11139921000000.0,32917854000000.0,0.0182967146090215,0.1543196984651381,34.4050247803248,0.0485913477036984,0.7207060029573803,0.8726051959553375,2.71826705341945,0.0431222395849167,1,2243.0,256.39931568611564,2309559.0,67694.0,9196214000000.0,2444176000000.0,0.5745443299741974,0.7272471120385353,2122176000000.0,834641.0,16771.0
AGRB,2016,18410421000000.0,117337894000000.0,866084070000000.0,1002463235000000.0,44325490000000.0,749091083000000.0,1520242000000.0,3341667000000.0,10612392000000.0,39829781000000.0,0.018365183237867,0.1354809516355612,34.54123660112008,0.0442165741868827,0.7472504295880736,0.8639559434815582,2.0657435859505484,0.0459883542252428,1,2240.0,223.44959114635265,2361092.0,51533.0,10494123000000.0,2748262000000.0,0.5700099416520676,0.7192874622476042,2580635000000.0,1073778.0,239137.0
AGRB,2017,19501619000000.0,126715144000000.0,1007694065000000.0,1152486895000000.0,48458605000000.0,880396143000000.0,4484808000000.0,2463014000000.0,11052440000000.0,46245007000000.0,0.0169213368799304,0.1257476335339932,34.68069851980195,0.042046990044082,0.763909895044837,0.8743648794375228,2.0445639321707025,0.0458919116487998,1,2232.0,193.6681457883302,2438075.0,76983.0,11506874000000.0,2933431000000.0,0.5900471135242669,0.7404669837924739,3062009000000.0,1103143.0,29365.0
AGRB,2018,24078246000000.0,134447434000000.0,1103606611000000.0,1282448640000000.0,58180630000000.0,1006442014000000.0,3147489000000.0,3705432000000.0,9230412000000.0,53194016000000.0,0.0187752127055941,0.1218255061721445,34.78754764538795,0.0453668304408666,0.7847815363584463,0.860546439504977,1.5980387122431876,0.0482001607001971,1,2232.0,174.0420575439185,2279458.0,-158617.0,14530020000000.0,2977378000000.0,0.6034501018055883,0.7271043746292816,3763116000000.0,1109511.0,6368.0
AGRB,2019,24594101000000.0,139207529000000.0,1269373071000000.0,1452380867000000.0,69241797000000.0,1123403404000000.0,3186502000000.0,1956084000000.0,12398484000000.0,63807119000000.0,0.0169336443069516,0.1096663637982595,34.91198058201374,0.0476746827042854,0.7734909137989905,0.8739946248548316,1.5614221870383436,0.0502666398537455,1,2229.0,153.47214016969008,2333736.0,54278.0,13940871000000.0,3370702000000.0,0.5668379990795354,0.7038912705123883,4591035000000.0,1288786.0,179275.0
AGRB,2020,26117208000000.0,150572893000000.0,1404875777000000.0,1568126913000000.0,73084295000000.0,1213958245000000.0,2744748000000.0,2425499000000.0,16356701000000.0,68625103000000.0,0.0166550346043324,0.1071787950686546,34.98865825297675,0.0466061097441288,0.774145405538359,0.8958941813659186,1.7732857030844582,0.0488478085561012,1,2225.0,141.88902578958545,2388515.0,54279.0,14036177000000.0,3605022000000.0,0.537430226079296,0.6754626681381869,5177499000000.0,1365853.0,77067.0
AGRB,2021,24801001000000.0,187441146000000.0,1542504377000000.0,1695932701000000.0,76087340000000.0,1316448964000000.0,3141256000000.0,3379431000000.0,20287663000000.0,62724584000000.0,0.0146238120093893,0.1215174159599807,35.06700925047893,0.044864598669001,0.7762389175135082,0.9095315964427528,2.036413923601219,0.0406641205919897,1,2225.0,131.1962437358533,2395575.0,7060.0,14111195000000.0,3555121000000.0,0.5689768328302556,0.7123227002006894,5104959000000.0,1373952.0,8099.0
AGRB,2022,28150016000000.0,186850025000000.0,1623935082000000.0,1874839155000000.0,86997553000000.0,1444801761000000.0,3887707000000.0,3176562000000.0,19000009000000.0,67847444000000.0,0.0150146298816764,0.1150600335389515,35.1672992666534,0.0464026755404518,0.7706270466705716,0.8661730141858489,1.804003753564085,0.0417796528642269,1,2224.0,118.6235093324579,2399023.0,4434.0,16138750000000.0,3701953000000.0,0.573312285151099,0.7048203098712271,4767320000000.0,1382202.0,8250.0
AGRB,2023,30927479000000.0,206525848000000.0,1817271030000000.0,2044706102000000.0,100361414000000.0,1552157827000000.0,3880436000000.0,5592596000000.0,19247538000000.0,97666782000000.0,0.0151256354004855,0.1136461455614576,35.25403045867398,0.04908354012434,0.7591104782647144,0.8887688202340974,1.8503640222921736,0.0537436520957471,1,2224.0,108.7686879705903,2450653.0,51630.0,17730150000000.0,3988252000000.0,0.573281449807144,0.7022364157130299,4566712000000.0,1646074.0,263872.0
AGRB,2024,32263408000000.0,245746837000000.0,1914664361000000.0,2234854221000000.0,124067756000000.0,1723382194000000.0,2282808000000.0,4088234000000.0,22637559000000.0,73717250000000.0,0.0144364709325709,0.1283498256956379,35.342952395345584,0.0555149212123934,0.7711385278762664,0.8567289727485093,1.68323666688644,0.0385013955978679,1,2222.0,99.42482955356934,2439208.0,9138.0,18581015000000.0,4315904000000.0,0.5759160656555563,0.7096869307792902,5025743000000.0,1732305.0,86231.0
AGRB,2025,34543970000000.0,284176802000000.0,2156382679000000.0,2686597826000000.0,131191251000000.0,1976368775000000.0,3325667000000.0,2064309000000.0,20220426000000.0,80582094000000.0,0.0128578865305759,0.131784031084772,35.527052039355915,0.0488317416661231,0.7356399814938286,0.802644392149523,1.295831138599121,0.0373691065063503,1,2214.0,82.40905946448868,2463751.0,24543.0,20354282000000.0,4540913000000.0,0.5892282213075104,0.7206813519117808,5746225000000.0,1697810.0,-34495.0
BAB,2015,579541000000.0,489755000000.0,52895602000000.0,63460126000000.0,5011667000000.0,41754607000000.0,5581000000.0,7984000000.0,279255000000.0,3654073000000.0,0.0091323644708805,0.0092588983106761,31.781432887584305,0.0789734801345966,0.6579660273602356,0.8335250074984093,0.7012878842327507,0.0690808472129686,0,92.0,144.97292362766504,90.122,0.0,239967000000.0,123467000000.0,0.4140638884910644,0.6271066240352279,3441000000.0,60.098,0.0
BAB,2016,704966000000.0,721012000000.0,59156703000000.0,75938148000000.0,5807109000000.0,48102315000000.0,3153000000.0,5242000000.0,381793000000.0,4303825000000.0,0.0092834236621098,0.0121881707978215,31.96094028276034,0.0764715647265982,0.6334407180959957,0.7790116635449156,0.8111626228384227,0.0727529558231127,0,96.0,126.41867431373228,520.716,430.594,335924000000.0,128097000000.0,0.4765109239310832,0.658217559428398,3545000000.0,69.766,9.668000000000006
BAB,2017,748903000000.0,762285000000.0,63415099000000.0,91782201000000.0,6374612000000.0,55487573000000.0,5004000000.0,9209000000.0,337399000000.0,5154240000000.0,0.0081595667987957,0.0120205599615952,32.150439505867226,0.0694536841625752,0.6045570099152449,0.690930249101348,0.633677021699976,0.0812778042024345,0,108.0,117.66987370459768,528.988,8.272000000000048,367116000000.0,131154000000.0,0.4902050065228741,0.6653331606362907,61695000000.0,76.003,6.236999999999995
BAB,2018,879857000000.0,751244000000.0,72534422000000.0,97029061000000.0,7082456000000.0,63979415000000.0,251322000000.0,7448000000.0,229305000000.0,5889353000000.0,0.0090679739753433,0.01035706881348,32.20603164749957,0.072993141714522,0.6593840478369671,0.7475535808802685,0.7628625550890079,0.0811939054260334,0,125.0,128.82738296313102,528.988,0.0,496096000000.0,141370000000.0,0.563837078070641,0.7245109148418436,73004000000.0,80.205,4.201999999999998
BAB,2019,1103592000000.0,1352820000000.0,76163271000000.0,107889769000000.0,7814985000000.0,72933312000000.0,264743000000.0,17576000000.0,217707000000.0,6969579000000.0,0.0102288846313129,0.0177621047814503,32.312131164419895,0.0724349034429761,0.6759984072261754,0.7059359910206129,0.6855934363710234,0.091508399107491,0,135.0,125.12771252666228,528.988,0.0,631317000000.0,163603000000.0,0.5720565208881543,0.7203024306084133,72725000000.0,87.34,7.135000000000005
BAB,2020,1240389000000.0,1409379000000.0,86442223000000.0,117189393000000.0,8363582000000.0,79440423000000.0,23123000000.0,271073000000.0,333804000000.0,7793519000000.0,0.0105844818225144,0.0163042891666494,32.39481248556281,0.0713680802152461,0.6778806593869805,0.7376283875794117,0.7905295267624645,0.0901587063534911,0,144.0,122.87801507769564,564.919,35.930999999999926,723402000000.0,174426000000.0,0.5832057523889683,0.7238277669344052,59762000000.0,94.825,7.484999999999999
BAB,2021,1312134000000.0,3047940000000.0,93440398000000.0,119791806000000.0,9051143000000.0,84598379000000.0,61465000000.0,40122000000.0,553716000000.0,7341600000000.0,0.0109534536944872,0.0326190819521124,32.41677640194181,0.0755572797692022,0.7062117337140739,0.7800232847311777,0.7746046765269581,0.0785698708175451,0,145.0,121.04333747167983,564.919,0.0,756394000000.0,184159000000.0,0.5764609407270904,0.7168116975857649,64859000000.0,109.544,14.718999999999994
BAB,2022,1716333000000.0,6976087000000.0,96904601000000.0,128793538000000.0,9800431000000.0,94120600000000.0,42180000000.0,49635000000.0,422064000000.0,7828820000000.0,0.0133262353581745,0.0719892237108535,32.48923175753275,0.0760941204984989,0.730786664157017,0.7524026632454184,0.5459793073992304,0.0807889400421761,0,162.0,125.7827081355588,832.539,267.62,1084319000000.0,200433000000.0,0.6317649313973454,0.7485447171382243,91130000000.0,117.294,7.75
BAB,2023,1832911000000.0,5127370000000.0,118476923000000.0,152243071000000.0,10868259000000.0,99853975000000.0,170642000000.0,229532000000.0,515493000000.0,10995013000000.0,0.0120393722220697,0.0432773730965312,32.65649951080968,0.0713875444617115,0.6558851863938031,0.7782089668961026,0.9170060580963352,0.0928029925287644,0,174.0,114.29091574223432,832.539,0.0,1099871000000.0,248944000000.0,0.6000678701802761,0.7358867942851562,104852000000.0,154.574,37.280000000000015
BAB,2024,2249272000000.0,3433196000000.0,122549687000000.0,165486693000000.0,11782450000000.0,109552804000000.0,194360000000.0,270901000000.0,893900000000.0,8490903000000.0,0.0135918602228639,0.028014726794039,32.73991190267919,0.0711987760852771,0.6620037056393411,0.7405410355260408,1.2406446484016966,0.0692853911573025,0,186.0,112.3957441097696,842.129,9.590000000000032,1403176000000.0,268834000000.0,0.6238356232594369,0.7433560725425826,105581000000.0,170.536,15.961999999999989
BAB,2025,2320344000000.0,4465097000000.0,127023635000000.0,195820302000000.0,13308904000000.0,126405235000000.0,137377000000.0,137466000000.0,1179903000000.0,10109831000000.0,0.0118493535976673,0.0351517022796584,32.908218528085946,0.0679648834368563,0.6455164950159253,0.6486744923925202,1.150858981433799,0.0795901565877877,0,193.0,98.55974994870552,842.129,0.0,1452737000000.0,301211000000.0,0.6260869078033258,0.7558999872432708,181165000000.0,172.414,1.877999999999986
BAOVIETBAN,2015,339842171084.0,1240475128060.0,15124855663992.0,30698905718795.0,3360905978693.0,12892929608228.0,31396120930.0,22349262730.0,118370621708.0,1328978974419.0,0.0110701721487074,0.0820156671652226,31.0552481255475,0.1094796671086334,0.4199801037316608,0.4926838696641882,1.3349642835105462,0.0878672169799889,0,35.0,114.0105784896812,,,123723694740.0,67776721463.0,0.3640622184861771,0.5634980955782152,10415302692.0,69969.0,384.0
BAOVIETBAN,2016,395352728673.0,2897492666319.0,20599971094387.0,34291272057735.0,3385838321806.0,15204978409768.0,72123622393.0,62027702237.0,148040019432.0,1387879797249.0,0.0115292523417433,0.1406551811671472,31.165911978762104,0.0987376121861383,0.4434066599853139,0.6007351100800098,1.8559141384950228,0.0673729002283485,0,41.0,119.56395181540584,,,150978074046.0,83819599068.0,0.3818819577969206,0.5938941509322512,14874450510.0,69969.0,0.0
BAOVIETBAN,2017,497936006422.0,3412425145256.0,24065283517769.0,48861978323191.0,3498060625059.0,21732405707869.0,203904208721.0,218886988482.0,399593672569.0,1852479980618.0,0.010190664060478,0.1417986678917112,31.52002067056578,0.0715906466562108,0.4447713018110507,0.4925155375124685,3.784140977426286,0.0769772763844727,0,46.0,94.14272933391923,,,209031840912.0,71616451989.0,0.4197965967836554,0.563623215195149,32297229855.0,69969.0,0.0
BAOVIETBAN,2018,576106542212.0,3148673372370.0,27042511838868.0,55879337593274.0,3478274534517.0,25746761379177.0,150579179530.0,151545263781.0,721512565012.0,2174021572911.0,0.0103098312726123,0.1164342051925973,31.654215796153885,0.0622461661917708,0.4607563813046353,0.4839447460115026,3.975789394431871,0.0803927381400382,0,55.0,98.42636360567766,,,221943645254.0,94929640711.0,0.3852475696627787,0.550025494847435,60271714194.0,73396.0,3427.0
BAOVIETBAN,2019,654776668256.0,6005175314710.0,29240028914444.0,59804501266042.0,3560114048367.0,24758160001686.0,188736293657.0,209311338243.0,893558067096.0,2629643247448.0,0.0109486184884847,0.205375149671742,31.72210204605973,0.0595291988562822,0.4139848920660441,0.4889268917128647,5.216888892017998,0.0899329906664014,0,52.0,86.94997683983108,,,288701715762.0,117756172785.0,0.4409163150711495,0.6207580511834699,103666717733.0,92004.0,18608.0
BAOVIETBAN,2020,605377478130.0,3611236214449.0,33741058036080.0,59187496318016.0,3607463315018.0,22841843168261.0,138879969376.0,395966048620.0,1125900257680.0,2604840556169.0,0.0102281312065861,0.10702794828151,31.71173142466603,0.0609497535701629,0.3859234566289333,0.5700707097794506,7.270631636170349,0.0772009150804812,0,56.0,94.61457821954572,,,272467681951.0,184666350708.0,0.4500789867384028,0.7551222983568512,280328141639.0,92004.0,0.0
BAOVIETBAN,2021,640482255980.0,2907516817023.0,37077944023241.0,65461338846186.0,3672384740829.0,25238488388031.0,186909368919.0,154972664857.0,905686705446.0,2141108102821.0,0.0097841301028831,0.0784163440993526,31.812480837682525,0.0561000554763778,0.385548001811171,0.5664098027442237,4.943119889119992,0.057746138822555,0,56.0,85.54667684323225,,,305679663518.0,194960154646.0,0.4772648432707639,0.7816607150153949,410449807080.0,93889.0,1885.0
BAOVIETBAN,2022,741322346251.0,2538671224871.0,41385012446275.0,78270954570778.0,3735245904929.0,33195909006048.0,254033984840.0,108939603930.0,746278248882.0,2803469859793.0,0.0094712317016735,0.0613427681861069,31.99119769954135,0.0477219924736107,0.4241152952341979,0.5287403567929124,3.341531745522932,0.0677411868229445,0,56.0,71.54633581140362,,,350332984934.0,208499503892.0,0.4725784764289066,0.7538319755935,571551163983.0,92306.0,-1583.0
BAOVIETBAN,2023,806837063159.0,3922052920258.0,52848413124766.0,84644908483807.0,3801525914659.0,41399461094975.0,166488965074.0,192086505988.0,1295983150333.0,4383104252602.0,0.0095320212120419,0.0742132580404771,32.06948607484058,0.044911454011274,0.4890957038827082,0.6243543063771658,3.996570432642245,0.0829372916506356,0,56.0,66.15873417916576,,,346937032084.0,240801143073.0,0.4299963994287042,0.728447169811257,717219375074.0,108424.0,16118.0
BAOVIETBAN,2024,895952663870.0,2692124827911.0,57609146695465.0,90623727196173.0,3863501384275.0,47729875178922.0,139951356119.0,76254572754.0,1677237381796.0,3476258625807.0,0.0098865130754392,0.0467308575518776,32.13773718427287,0.0426323381724488,0.5266818818387511,0.6356960641307391,3.9669982449590897,0.0603421301166512,0,56.0,61.79397132803522,,,434497299891.0,238861507364.0,0.4849556426499383,0.751556231047383,869072421259.0,108424.0,0.0
BAOVIETBAN,2025,935764334726.0,3952862081082.0,73642864373101.0,110365851927250.0,3927283269483.0,58448359343845.0,171645477074.0,104676508714.0,1367005636926.0,3732663353693.0,0.0084787488012399,0.0536761044635009,32.334821889671474,0.0355842246573854,0.5295873526384998,0.6672613230190463,2.811588967017007,0.0506860153453835,0,56.0,50.74033228766593,,,457578264787.0,267068800341.0,0.4889887846826123,0.7743905577895134,890540812256.0,113424.0,5000.0
BID,2015,11087176000000.0,104317083000000.0,564692853000000.0,850506940000000.0,42335460000000.0,598434475000000.0,3975637000000.0,887764000000.0,5190279000000.0,29690259000000.0,0.013035961822957,0.1847324301092225,34.37685368763711,0.0497767366836536,0.7036209193072546,0.6639485540235568,1.6799967949707444,0.0525777134282236,1,981.0,115.34297415609566,3710212.0,608837.0,6255652000000.0,2047750000000.0,0.5642241090066578,0.7489194723706019,2336531000000.0,971212.0,353687.0
BID,2016,13532094000000.0,124926847000000.0,726021696000000.0,1006377748000000.0,44112076000000.0,723697408000000.0,6481930000000.0,1035811000000.0,6911218000000.0,39165623000000.0,0.013446336653302,0.1720704046287895,34.54513389113744,0.0438325232127449,0.7191110986289415,0.721420656848625,1.9937834294412728,0.0539455269942786,1,1005.0,99.86309832438782,3972331.0,262119.0,7428666000000.0,2674260000000.0,0.5489664792455624,0.7465899956060016,2512597000000.0,1311347.0,340135.0
BID,2017,15504237000000.0,160200470000000.0,859985173000000.0,1202283843000000.0,48834010000000.0,866885307000000.0,3749610000000.0,5084324000000.0,5230175000000.0,47673184000000.0,0.012895654458196,0.1862828279249879,34.7229993454094,0.0406177046163632,0.7210321523051525,0.7152929634770114,1.622372519920908,0.0554348906199107,1,1044.0,86.83473591352254,4123318.0,150987.0,8500439000000.0,2872540000000.0,0.5482655483143092,0.7335400639193015,2965770000000.0,1429810.0,118463.0
BID,2018,16016084000000.0,161859416000000.0,989671155000000.0,1312866249000000.0,54489656000000.0,988738780000000.0,5449978000000.0,6182268000000.0,7170170000000.0,55118277000000.0,0.0121993264829523,0.1635486850174995,34.81098911832514,0.0415043467234414,0.7531146304911979,0.7538248132693066,1.9016565730333748,0.0556935268058812,1,1061.0,80.8155439145576,4133818.0,10500.0,8777978000000.0,3016610000000.0,0.5480726749435131,0.7364214623249978,3555102000000.0,1526653.0,104439.0
BID,2019,17257115000000.0,178383601000000.0,1114162624000000.0,1489957293000000.0,77652981000000.0,1116997985000000.0,3835155000000.0,4305007000000.0,11356244000000.0,64769417000000.0,0.0115822883522071,0.16010553321164,34.937523852041174,0.052117588446879,0.749684564952158,0.7477815835624759,1.7454289319957903,0.0581328215511921,1,1060.0,71.14297872697483,4246751.0,112933.0,9722449000000.0,3027141000000.0,0.5633878548065537,0.7388019376355781,4266331000000.0,1606808.0,80155.0
BID,2020,17692960000000.0,221331066000000.0,1226673942000000.0,1516685712000000.0,79646612000000.0,1214295916000000.0,2382136000000.0,2462228000000.0,16525054000000.0,64890703000000.0,0.0116655414236538,0.1804318641016668,34.95530389648923,0.0525135902381336,0.8006246161564684,0.8087858494970777,1.7598196385599965,0.0528997158725003,1,1095.0,72.19689559520292,4340105.0,93354.0,10117321000000.0,3064090000000.0,0.5718274952297411,0.7450088057622919,5266381000000.0,1654829.0,48021.0
BID,2021,19465321000000.0,267330692000000.0,1380397799000000.0,1761695792000000.0,86329026000000.0,1354632643000000.0,2757520000000.0,3505769000000.0,7283027000000.0,54184600000000.0,0.0110491953766328,0.1936620676979216,35.10505325825687,0.0490033673191631,0.7689367535254917,0.7835619550597189,0.9999992300495596,0.0392528878554087,1,1084.0,61.53162225411049,4453999.0,113894.0,11428468000000.0,3444710000000.0,0.5871194212517739,0.7640859351869923,6614281000000.0,1941744.0,286915.0
BID,2022,22714597000000.0,266760543000000.0,1473598150000000.0,2120676711000000.0,104118505000000.0,1522221714000000.0,3509216000000.0,2700900000000.0,11879069000000.0,65041035000000.0,0.010711013556276,0.1810266543833541,35.29051163596196,0.0490968304880865,0.7177999862516526,0.694871661652345,1.1883410171877236,0.0441375655907277,1,1084.0,51.11575915259815,4436448.0,-17551.0,12837265000000.0,3440093000000.0,0.56515486495314,0.7166034246612432,5651426000000.0,2185898.0,244154.0
BID,2023,25080598000000.0,334075620000000.0,1704690185000000.0,2300868728000000.0,122866889000000.0,1777664882000000.0,3819550000000.0,5523163000000.0,13025201000000.0,96625750000000.0,0.0109004906254695,0.1959743905019315,35.37206315435823,0.0534002168419232,0.7726059554667475,0.7408898057742649,1.258275067842624,0.0566822938562293,1,1084.0,47.11263996978449,4827916.0,391468.0,14478077000000.0,4001989000000.0,0.5772620333853283,0.7368271681560384,6569870000000.0,2301868.0,115970.0
BID,2024,27979504000000.0,380289200000000.0,1953165486000000.0,2760906964000000.0,144984194000000.0,2056082420000000.0,3670833000000.0,5563491000000.0,19801259000000.0,80280835000000.0,0.0101341712577896,0.1947040344127809,35.55433563080418,0.0525132486862023,0.7447126784095431,0.7074361836409928,1.4121799164062694,0.0411029355041552,1,1117.0,40.45771967562757,4911613.0,83697.0,15998940000000.0,4557413000000.0,0.5718092786777064,0.7346932597518526,7076856000000.0,3168238.0,866370.0
BID,2025,30427752000000.0,469554645000000.0,2222991628000000.0,3330825720000000.0,173552902000000.0,2372955074000000.0,4473881000000.0,4677985000000.0,25824953000000.0,91697828000000.0,0.0091351978631893,0.2112264567646855,35.741996632129016,0.0521050684092832,0.7124224662225798,0.6673995624124098,1.4739772945233602,0.0412497405950644,1,1102.0,33.08488923281162,5215011.0,303398.0,17778083000000.0,4646199000000.0,0.5842719830239185,0.7369680809808099,6924228000000.0,3443718.0,275480.0
BVB,2015,437373000000.0,,18623768000000.0,29019129000000.0,3313238000000.0,15863224000000.0,,,,1300457000000.0,0.0150718858584625,,30.99897634915057,0.1141742744932144,0.5466471443715626,0.6417755681088844,,0.0698278135767155,0,36.0,124.0561010635433,168797.0,2855.0,,,,,-2931000000.0,110819.0,18456.0
BVB,2016,602972000000.0,1369177000000.0,24610095000000.0,32384847000000.0,3310648000000.0,20994294000000.0,76032000000.0,74172000000.0,116400000000.0,1443526000000.0,0.0186189547228677,0.0556347710157153,31.10871174414282,0.1022283044906773,0.6482752257560457,0.7599262395774172,1.2698879038275828,0.0586558483419101,0,46.0,142.0417394591983,161768.0,-7029.0,269213000000.0,161193000000.0,0.4464767849916746,0.7138076063233451,-4921000000.0,117794.0,6975.0
BVB,2017,645592000000.0,,27022524000000.0,39900916000000.0,3343722000000.0,25031901000000.0,,,,1837768000000.0,0.0161798791787135,,31.317420396954333,0.0838006325468818,0.6273515374935252,0.6772406929204332,,0.0680087470733673,0,46.0,115.28557389509557,319976.0,158208.0,,,,,9775000000.0,141601.0,23807.0
BVB,2018,698862000000.0,1391265000000.0,33495353000000.0,46551614000000.0,3437957000000.0,29690468000000.0,89628000000.0,239189000000.0,282156000000.0,2325348000000.0,0.0150126266298736,0.0415360602409534,31.471582791445822,0.0738525843593736,0.6377967474983789,0.7195315075434334,2.0578085869175253,0.069423003244659,0,68.0,146.0744196753307,404246.0,84270.0,315435000000.0,198718000000.0,0.4513552031731586,0.7357003242414096,33602000000.0,145349.0,3748.0
BVB,2019,859223000000.0,1408220000000.0,35218568000000.0,51808678000000.0,3734974000000.0,33994686000000.0,139354000000.0,154649000000.0,558745000000.0,2867058000000.0,0.0165845382119188,0.039985157829245,31.578578780120107,0.0720916677318035,0.6561581440082297,0.6797812520906247,2.508474412736156,0.0814075688710568,0,69.0,133.182321309183,722024.0,317778.0,403891000000.0,234235000000.0,0.4700653962940936,0.7426779776612125,38202000000.0,219651.0,74302.0
BVB,2020,867461000000.0,1936419000000.0,41372546000000.0,61101561000000.0,3890353000000.0,39832796000000.0,133635000000.0,217778000000.0,760173000000.0,3218923000000.0,0.0141970349988276,0.0468044437004191,31.74355853006125,0.0636702718609758,0.6519112662277156,0.6771111134132891,2.79063011293508,0.0778033578112403,0,79.0,129.29293246697904,771459.0,49435.0,427953000000.0,233393000000.0,0.4933397582139139,0.7623927761593893,60218000000.0,252783.0,33132.0
BVB,2021,1051415000000.0,2875409000000.0,45244577000000.0,76511392000000.0,4639089000000.0,46389215000000.0,166103000000.0,185524000000.0,824302000000.0,3151732000000.0,0.0137419405465789,0.0635525667529171,31.96846076070697,0.0606326571603873,0.6063046794391089,0.5913443190263745,2.534918946138666,0.0696598843216061,0,87.0,113.70855728255474,677129.0,-94330.0,554330000000.0,259772000000.0,0.5272228377947813,0.7742917877336732,71002000000.0,300862.0,48079.0
BVB,2022,1236838000000.0,3021713000000.0,50129097000000.0,79067497000000.0,5002586000000.0,50859390000000.0,149080000000.0,407771000000.0,861708000000.0,3827878000000.0,0.0156428121153247,0.0602786242090097,32.001322996015205,0.0632698161673184,0.6432401673218516,0.6340038435768366,2.7891781635603574,0.0763604020235991,0,107.0,135.32741525888952,845851.0,168722.0,638297000000.0,281007000000.0,0.5160716278122115,0.7432695308520598,99768000000.0,321276.0,20414.0
BVB,2023,1406915000000.0,3264438000000.0,57138791000000.0,87883977000000.0,5843905000000.0,57768233000000.0,311311000000.0,584346000000.0,1018931000000.0,5460172000000.0,0.0160087771175853,0.0571317303511024,32.107038617314025,0.0664956821423773,0.6573238373133705,0.6501616443689161,3.314257508966909,0.0955598097971656,0,115.0,130.85434219709924,883002.0,37151.0,719307000000.0,336256000000.0,0.511265428259703,0.7502677844788065,54414000000.0,353816.0,32540.0
BVB,2024,1475162000000.0,4415471000000.0,67389449000000.0,103536280000000.0,6154909000000.0,68142074000000.0,269589000000.0,519414000000.0,1313451000000.0,4179471000000.0,0.0142477786530479,0.0655216961337671,32.27094319861316,0.059446881808,0.6581468254412849,0.650877634390573,3.085397723585578,0.0620196642355689,0,125.0,120.73062698408714,810344.0,-72658.0,796544000000.0,362735000000.0,0.5399705252711228,0.7858655523935676,37546000000.0,384366.0,30550.0
BVB,2025,1707567000000.0,5951956000000.0,71413689000000.0,133047699000000.0,7460484000000.0,77688221000000.0,280810000000.0,395028000000.0,1665312000000.0,5511984000000.0,0.0128342467613814,0.0833447492118772,32.52172881895242,0.0560737544209614,0.5839125485364464,0.5367525296322486,3.013519900269052,0.0771838575654591,0,125.0,93.9512678080964,831264.0,20920.0,947888000000.0,407128000000.0,0.555110282641911,0.7935360662275623,1674000000.0,403372.0,19006.0
CTG,2015,10719457000000.0,71433115000000.0,492960064000000.0,779483487000000.0,56110146000000.0,538079829000000.0,1411357000000.0,735343000000.0,2795540000000.0,23632746000000.0,0.013752000111325,0.1449064949001629,34.28965262010963,0.0719837519790845,0.690303050640507,0.6324188673928893,0.9184956829147372,0.0479404879337243,1,1162.0,149.07307459099516,4218797.0,234644.0,5492149000000.0,2045177000000.0,0.5123532843128155,0.7031443850187561,1459902000000.0,872095.0,-18383.0
CTG,2016,12848843000000.0,86007168000000.0,655060148000000.0,948567505000000.0,60306764000000.0,661987797000000.0,2350744000000.0,811889000000.0,3819724000000.0,30585706000000.0,0.0135455230463539,0.1312965965989431,34.485974073039976,0.0635766708032023,0.6978815883008769,0.6905783136646664,1.054756149832774,0.0466914467219275,1,1155.0,121.76255183862746,4256208.0,37411.0,6944745000000.0,2143870000000.0,0.5404957473602876,0.7073489029323496,1698025000000.0,888254.0,16159.0
CTG,2017,15069777000000.0,115412491000000.0,752935338000000.0,1095060842000000.0,63765283000000.0,790688059000000.0,1243379000000.0,2550738000000.0,5217014000000.0,38204212000000.0,0.0137615887830276,0.1532834032024141,34.62958632010588,0.0582298997045134,0.7220494320259878,0.6875739768256639,1.1396568972341088,0.0507403625143703,1,1113.0,101.6381882459824,4495619.0,239411.0,8281388000000.0,2631446000000.0,0.5495362008342923,0.7241536487235345,1855200000000.0,1824424.0,936170.0
CTG,2018,14084040000000.0,124039627000000.0,825816119000000.0,1164289661000000.0,67316334000000.0,864925948000000.0,2139221000000.0,2016689000000.0,9553438000000.0,51658034000000.0,0.0120966804668722,0.1502024774597551,34.69088756291835,0.0578175141933172,0.7428786641093431,0.7092875138053811,1.5850314158918029,0.0625539182530778,1,1113.0,95.59476797587055,4481723.0,-13896.0,7345648000000.0,2350109000000.0,0.5215583028733233,0.688421575059429,2770777000000.0,1942646.0,118222.0
CTG,2019,15734862000000.0,146420659000000.0,892785228000000.0,1240711475000000.0,77354818000000.0,935270945000000.0,2062615000000.0,1546701000000.0,7204095000000.0,49543734000000.0,0.0126821282119599,0.164004347751148,34.75446138014576,0.0623471448106015,0.7538182436815135,0.7195752163088521,1.1561795068914495,0.0554934517800959,1,1113.0,89.70659354947934,4091247.0,-413502.0,9434827000000.0,2280260000000.0,0.5996129486232545,0.7445306479332325,4055378000000.0,2211079.0,268433.0
CTG,2020,16069428000000.0,186452167000000.0,990331285000000.0,1341509978000000.0,85439224000000.0,1015333270000000.0,1857241000000.0,1611589000000.0,6050271000000.0,48096888000000.0,0.0119786123573655,0.1882725203415138,34.832572223709164,0.0636888471954399,0.756858530052618,0.7382213336023357,0.9375346284082664,0.0485664632921295,1,1113.0,82.96621107949747,4042835.0,-48412.0,9261722000000.0,2530639000000.0,0.5763566693226417,0.7338382548526308,4362454000000.0,2344478.0,133399.0
CTG,2021,17185850000000.0,225756534000000.0,1161848113000000.0,1531587398000000.0,93649511000000.0,1130667767000000.0,7095731000000.0,2003066000000.0,5201668000000.0,42839837000000.0,0.0112209398056172,0.1943081298441632,34.96508110750097,0.0611453914561394,0.7382326130891813,0.7585908022729762,1.264780461367835,0.0368721492255847,1,1113.0,72.6697021308346,4118602.0,75647.0,10013309000000.0,2903591000000.0,0.5826484578883209,0.7516008809572992,4960506000000.0,2509092.0,164614.0
CTG,2022,19194714000000.0,243525291000000.0,1249176034000000.0,1808810868000000.0,108316308000000.0,1274843694000000.0,7305070000000.0,2262069000000.0,6256884000000.0,56872679000000.0,0.01061178608531,0.1949487377052896,35.13144604527762,0.0598826057031408,0.7047965691457798,0.6906062187591854,1.2412520118721315,0.0455281541208306,1,1112.0,61.47685309020378,4113942.0,-4660.0,11086985000000.0,2691964000000.0,0.5776061576119342,0.7178512271659792,5861949000000.0,2665355.0,156263.0
CTG,2023,20443499000000.0,310918934000000.0,1410899038000000.0,2032613606000000.0,125871820000000.0,1473344564000000.0,2508483000000.0,4721294000000.0,9378555000000.0,79714259000000.0,0.0100577399165554,0.2203693713199626,35.24809885049941,0.0619260933944569,0.7248522590082476,0.6941304701666944,1.1272537603091195,0.0564989108738764,1,1111.0,54.65869148570484,4119986.0,6044.0,11636246000000.0,2715410000000.0,0.569190528490255,0.7020156383210134,7113729000000.0,2684421.0,19066.0
CTG,2024,22545929000000.0,383283642000000.0,1606316685000000.0,2385387732000000.0,148504708000000.0,1721954714000000.0,2817030000000.0,4824119000000.0,13348618000000.0,62057891000000.0,0.0094516831362659,0.2386102600932642,35.408138077106926,0.0622560039224684,0.7218762345844076,0.6733985688998253,1.2189500007954333,0.0386336589661956,1,1108.0,46.44947172051609,4160402.0,40416.0,12987140000000.0,2862498000000.0,0.5760303778123315,0.7029933430554137,6695988000000.0,2767424.0,83003.0
CTG,2025,26552924000000.0,445508702000000.0,1793732057000000.0,2767699300000000.0,179655005000000.0,1992272868000000.0,1490975000000.0,578479000000.0,19846742000000.0,76689083000000.0,0.0095938615874925,0.2483697050857802,35.5567927923719,0.0649113164136002,0.7198299569610037,0.6480949924726288,1.1000599542371523,0.0427539234194552,1,1000.0,36.131092709385015,4154198.0,-6204.0,15853418000000.0,3159579000000.0,0.5970498013702747,0.716041555348104,6328951000000.0,3209661.0,442237.0
EIB,2015,2304554000000.0,13799880000000.0,98430542000000.0,124849675000000.0,13144721000000.0,84759792000000.0,181992000000.0,591316000000.0,802164000000.0,5203494000000.0,0.0184586303488575,0.1401991670430911,32.45813152952719,0.1052843829989945,0.6788947748562422,0.7883924567685098,1.858749252239788,0.0528646281354419,0,208.0,166.6003535852216,3582433.0,373335.0,1148906000000.0,499114000000.0,0.498537244082803,0.7151145080566566,292041000000.0,147837.0,15342.0
EIB,2016,2255214000000.0,14218491000000.0,102351494000000.0,128801508000000.0,13448419000000.0,86891327000000.0,1069988000000.0,357925000000.0,1132235000000.0,5228494000000.0,0.0175092204665802,0.1389182555557029,32.4892936376048,0.104411968530679,0.6746142056038661,0.7946451527570625,2.946379216880875,0.0510837096330025,0,208.0,161.48879250699454,2461195.0,-1121238.0,1172904000000.0,483102000000.0,0.5200854553049068,0.7343010463751999,299852000000.0,160405.0,12568.0
EIB,2017,2206068000000.0,15630465000000.0,117539696000000.0,149369554000000.0,14251181000000.0,101324328000000.0,884448000000.0,352827000000.0,1061155000000.0,6282831000000.0,0.0147691945307676,0.1329803082015798,32.637444579372286,0.095408874287728,0.6783465926396218,0.7869053153897748,2.2683890881565976,0.0534528437099241,0,207.0,138.58245837702643,2381088.0,-80107.0,1261055000000.0,448982000000.0,0.5716301582725465,0.7751515365800148,331194000000.0,169936.0,9531.0
EIB,2018,2900904000000.0,17366984000000.0,118693869000000.0,152652063000000.0,14883534000000.0,104042577000000.0,848445000000.0,118178000000.0,954387000000.0,6726598000000.0,0.0190033723946462,0.1463174479551256,32.65918234959394,0.0974997239310156,0.681566792844457,0.7775451354365254,1.8463691071396664,0.0566718235463366,0,207.0,135.60249100596826,2381088.0,0.0,1507232000000.0,458873000000.0,0.5195732089031557,0.677755968484307,346658000000.0,451823.0,281887.0
EIB,2019,2700748000000.0,18345274000000.0,139278464000000.0,167538318000000.0,15749313000000.0,113254792000000.0,973397000000.0,144790000000.0,814984000000.0,8085390000000.0,0.0161201809367574,0.1317165157708804,32.75223320521024,0.0940042444499174,0.6759933688721884,0.831323040977408,1.7069220346985403,0.0580519756449927,0,207.0,123.55382486291882,2354475.0,-26613.0,1655878000000.0,467504000000.0,0.6131182916732698,0.7862199657280131,383536000000.0,469471.0,17648.0
EIB,2020,2438684000000.0,18605465000000.0,133917740000000.0,160435177000000.0,16819490000000.0,100767406000000.0,159488000000.0,479162000000.0,1895805000000.0,7505157000000.0,0.0152004320099949,0.1389320414158721,32.708911095296536,0.1048366718229132,0.6280879784861645,0.8347155686436523,2.5151535606662336,0.0560430380620222,0,207.0,129.02407306846428,2328318.0,-26157.0,1468998000000.0,474267000000.0,0.6023732472103807,0.7968498583662336,467956000000.0,491794.0,22323.0
EIB,2021,2514159000000.0,20526786000000.0,137373791000000.0,165831996000000.0,17784908000000.0,114674630000000.0,326126000000.0,564576000000.0,1356594000000.0,6560189000000.0,0.0151608800511573,0.1494228691701461,32.74199631950496,0.1072465412525095,0.6915108830988201,0.8283913497609955,1.9597150651369009,0.047754298343561,0,207.0,124.82512723298584,2328318.0,0.0,1562230000000.0,491210000000.0,0.621372793049286,0.8167502532656049,432865000000.0,514474.0,22680.0
EIB,2022,3475409000000.0,20276509000000.0,148614571000000.0,185056051000000.0,20479900000000.0,130505614000000.0,264618000000.0,450518000000.0,1631524000000.0,6578208000000.0,0.018780304568371,0.1364368841060679,32.85167987349657,0.1106686319595137,0.7052220843078512,0.8030786899262213,1.7981295425344692,0.0442635466747066,0,207.0,111.85800133603846,2354257.0,25939.0,2181150000000.0,539940000000.0,0.6275951981479014,0.7829553298618954,513815000000.0,518454.0,3980.0
EIB,2023,3140808000000.0,24670283000000.0,156329168000000.0,201416835000000.0,22444999000000.0,140448924000000.0,446225000000.0,1412553000000.0,1868082000000.0,10102088000000.0,0.0155935724042133,0.1578098528612395,32.936397682590474,0.111435565949589,0.6973047908333978,0.776147475458047,2.653534034906526,0.0646206215336603,0,215.0,106.74380818266756,2349062.0,-5195.0,1731432000000.0,656777000000.0,0.5512696096036434,0.760380449871498,514300000000.0,572711.0,54257.0
EIB,2024,3400146000000.0,22699471000000.0,167447644000000.0,239767994000000.0,25099406000000.0,165154897000000.0,450668000000.0,758237000000.0,2971904000000.0,7310550000000.0,0.0141809836387086,0.1355616027658173,33.11069288005614,0.1046820536022001,0.6888112722834892,0.6983736286336866,2.531447190451761,0.0436587211701826,0,215.0,89.67001659112182,2347333.0,-1729.0,1866829000000.0,769807000000.0,0.549043776355486,0.7754478778264228,1080300000000.0,722565.0,149854.0
EIB,2025,4253362000000.0,23217403000000.0,177303877000000.0,273270407000000.0,26006343000000.0,184215863000000.0,701512000000.0,1091465000000.0,3479776000000.0,9542308000000.0,0.0155646637581214,0.1309469561119636,33.24148292272176,0.0951670665166462,0.6741156681484358,0.6488220914458549,2.8622687070114043,0.053818947230353,0,215.0,78.67664938926227,2347333.0,0.0,2350167000000.0,943616000000.0,0.5525433762750502,0.7743951725717209,240500000000.0,839751.0,117186.0
HDB,2015,2409584000000.0,5599115000000.0,74542719000000.0,106485935000000.0,9841679000000.0,56558835000000.0,288405000000.0,335861000000.0,272825000000.0,4677768000000.0,0.0226281902863509,0.0751128356345574,32.29903402662888,0.0924223372786274,0.5311390185004244,0.7000240829927445,1.586120011135307,0.0627528491414433,0,218.0,204.7218724238088,242467.0,73671.0,,,,,188107000000.0,179793.0,20980.0
HDB,2016,3276988000000.0,9813269000000.0,103299771000000.0,150294272000000.0,9942643000000.0,82224372000000.0,376621000000.0,460699000000.0,361461000000.0,6643222000000.0,0.021803811658238,0.0949979743904756,32.64361630151548,0.066154503878897,0.547089193126402,0.6873167528300745,1.4579387727035482,0.0643101328849993,0,218.0,145.04877471311747,804824.0,562357.0,1467206000000.0,485936000000.0,0.4477300496675606,0.5960174404056408,118224000000.0,181223.0,1430.0
HDB,2017,4072277000000.0,14570147000000.0,120537469000000.0,189334271000000.0,14759106000000.0,104497028000000.0,513992000000.0,548566000000.0,520683000000.0,8259439000000.0,0.0215083987621026,0.1208764969173195,32.87453519843412,0.0779526385901895,0.5519181891798131,0.6366384086904161,1.515106247806397,0.0685217556708445,0,238.0,125.70360280944594,985740.0,180916.0,2003352000000.0,531612000000.0,0.4919488531845942,0.6224930180338911,196433000000.0,193208.0,11985.0
HDB,2018,4441456000000.0,10697917000000.0,128060094000000.0,216057406000000.0,16828140000000.0,123131648000000.0,525191000000.0,626723000000.0,733036000000.0,9151374000000.0,0.0205568329372611,0.0835382566562851,33.006565256821034,0.0778873555484601,0.5699024637924237,0.5927132810249514,1.5308412017680455,0.0714615592895004,0,283.0,130.98370717271317,1036922.0,51182.0,2376730000000.0,566012000000.0,0.5351240674229352,0.6625624569960842,438175000000.0,200159.0,6951.0
HDB,2019,5080492000000.0,15314372000000.0,126018576000000.0,229477262000000.0,20381116000000.0,146324378000000.0,483922000000.0,583859000000.0,928884000000.0,9871512000000.0,0.0221394135337033,0.121524718704963,33.06682506426805,0.0888154051620155,0.6376421643029714,0.5491549572349351,1.3645470613242587,0.0783337846953611,0,283.0,123.32376529749602,357688.0,-679234.0,2615979000000.0,626753000000.0,0.5149066271534332,0.6382712540438997,625876000000.0,214820.0,14661.0
HDB,2020,6172829000000.0,21038455000000.0,174620270000000.0,319127480000000.0,24704048000000.0,178323092000000.0,815000000000.0,803467000000.0,738881000000.0,11239541000000.0,0.0193428312723178,0.1204811732337832,33.39661176270951,0.077411221371472,0.5587832548923709,0.5471802992333973,1.321953300361122,0.0643656145990382,0,305.0,95.57309198192522,359832.0,2144.0,3538343000000.0,672596000000.0,0.5732125416077458,0.682173279058921,949983000000.0,320924.0,106104.0
HDB,2021,6382768000000.0,23925107000000.0,183283117000000.0,374611571000000.0,30790113000000.0,203210901000000.0,1600455000000.0,878136000000.0,881482000000.0,12285433000000.0,0.0170383631849962,0.1305363384888309,33.556910794409696,0.082192103457477,0.5424576193883771,0.4892617612177281,1.6534905280499692,0.0670298126804554,0,326.0,87.02347317509847,637045.0,277213.0,3789826000000.0,761762000000.0,0.5937590086307383,0.7131056619949213,1927438000000.0,333129.0,12205.0
HDB,2022,8630709000000.0,22236736000000.0,215797174000000.0,416273023000000.0,38994886000000.0,263856383000000.0,1848250000000.0,1414595000000.0,1141346000000.0,15311836000000.0,0.0207332892672221,0.1030446116963515,33.662362466204144,0.0936762265278958,0.6338541496118042,0.5184029761159901,1.669162197224541,0.0709547568032563,0,344.0,82.63807188869887,641030.0,3984.0,5428661000000.0,893167000000.0,0.6289936319252567,0.7324807266703118,2956818000000.0,357930.0,24801.0
HDB,2023,9129202000000.0,40325322000000.0,370777888000000.0,602314859000000.0,46400322000000.0,343404295000000.0,2610402000000.0,1907723000000.0,1641838000000.0,30456603000000.0,0.0151568600103222,0.1087587024607033,34.031801446103934,0.0770366550097015,0.5701408322719131,0.6155881470624652,1.793793231386346,0.0821424469627487,0,372.0,61.76171722172307,641030.0,0.0,5130179000000.0,996502000000.0,0.5619526219268672,0.6711080552276092,2187802000000.0,427194.0,69264.0
HDB,2024,11980755000000.0,51502553000000.0,437505165000000.0,697366458000000.0,56657261000000.0,442484841000000.0,4199973000000.0,1967085000000.0,2389173000000.0,27138452000000.0,0.0171799989267622,0.1177187313891482,34.17833215322912,0.0812446029631095,0.6345083505579214,0.627367662985592,1.9336777686356943,0.0620300151199357,0,368.0,52.769959865204754,727701.0,86671.0,6915153000000.0,1157439000000.0,0.577188415922035,0.6737966012993338,1769868000000.0,562727.0,135533.0
HDB,2025,11600987000000.0,67857913000000.0,560714282000000.0,931103945000000.0,78285522000000.0,546370779000000.0,4017065000000.0,5500307000000.0,3802915000000.0,33246226000000.0,0.0124593898052918,0.1210204825851038,34.46739203573812,0.0840781766852035,0.5867989089016264,0.6022037442876477,2.437957429637722,0.0592926327494543,0,375.0,40.27477297392397,727701.0,0.0,6652127000000.0,1279178000000.0,0.5734104348190374,0.6836750183411119,4126040000000.0,663687.0,100960.0
KLB,2015,571923000000.0,397256000000.0,20080836000000.0,25322238000000.0,3373347000000.0,16217984000000.0,31282000000.0,30197000000.0,121083000000.0,1287136000000.0,0.0225857998807214,0.019782841710375,30.86270409792408,0.1332167796543101,0.6404640853624392,0.7930118972896472,1.1256762862757788,0.0640977297957117,0,103.0,406.7570962724543,645328.0,-33787.0,316943000000.0,110902000000.0,0.5541707537553132,0.7480814725059143,9047000000.0,52994.0,2522.0
KLB,2016,681680000000.0,479410000000.0,22889160000000.0,30451008000000.0,3363886000000.0,19766439000000.0,35559000000.0,23710000000.0,150381000000.0,1508068000000.0,0.0223861226531482,0.0209448490027593,31.04714021298482,0.1104687897359588,0.6491226497329744,0.7516716687999294,1.0606361621331997,0.0658856856258595,0,114.0,374.37184345424623,705743.0,60415.0,375114000000.0,137000000000.0,0.5502787231545593,0.7512527872315455,24981000000.0,53750.0,756.0
KLB,2017,806203000000.0,766333000000.0,26124192000000.0,37326805000000.0,3551597000000.0,24685503000000.0,33115000000.0,23136000000.0,150859000000.0,1867071000000.0,0.0215985000591398,0.029334227829898,31.25073281719325,0.0951487007795068,0.6613344753187421,0.6998775276908913,0.8389944494953172,0.0714690429468593,0,117.0,313.44766850524707,687916.0,-17827.0,440189000000.0,171565000000.0,0.5460026817067165,0.7588088856032538,48102000000.0,62175.0,8424.0
KLB,2018,928436000000.0,918220000000.0,29206157000000.0,42309803000000.0,3750147000000.0,29471994000000.0,63407000000.0,44399000000.0,169912000000.0,2196765000000.0,0.0219437561550452,0.0314392612489209,31.376039924540017,0.0886354162414795,0.6965760157285535,0.6902929091870269,0.9423115382013176,0.0752158183632307,0,134.0,316.7114722798402,683232.0,-4684.0,502088000000.0,198470000000.0,0.5407890258456156,0.7545571261777871,55959000000.0,68257.0,6082.0
KLB,2019,1041601000000.0,1506970000000.0,32920772000000.0,51102121000000.0,3791854000000.0,33479645000000.0,37763000000.0,65241000000.0,238952000000.0,2889998000000.0,0.020382735190189,0.0457756579948975,31.56484711912613,0.0742014993859061,0.6551517695322274,0.644215374152474,1.0213847846952977,0.0877864589566733,0,134.0,262.22003583765144,708653.0,25421.0,577443000000.0,221296000000.0,0.5543802281295813,0.7668377814537428,76456000000.0,90123.0,21866.0
KLB,2020,1085478000000.0,1356564000000.0,42017697000000.0,57281987000000.0,3918172000000.0,34716197000000.0,51165000000.0,49953000000.0,1781686000000.0,2980182000000.0,0.0189497267264838,0.0322855391146259,31.67900732722509,0.0684014679867861,0.6060578345510256,0.7335237340841546,5.423416625962804,0.0709268287597961,0,134.0,233.93043261575409,710761.0,2108.0,627372000000.0,207814000000.0,0.5779684157578504,0.7694177127495905,86979000000.0,90611.0,488.0
KLB,2021,1227211000000.0,7949405000000.0,51397605000000.0,83822488000000.0,4679417000000.0,38387339000000.0,98389000000.0,95906000000.0,531881000000.0,3518179000000.0,0.0146405938225073,0.1546648914866753,32.059722440638254,0.0558253174255576,0.4579599092787606,0.6131720284895386,1.891707054766156,0.0684502517189273,0,134.0,159.8616352213263,686287.0,-24474.0,761402000000.0,205471000000.0,0.6204328351033359,0.7878620709886075,255650000000.0,98250.0,7639.0
KLB,2022,1459022000000.0,2051780000000.0,52195871000000.0,85760181000000.0,5183574000000.0,44702595000000.0,75282000000.0,121976000000.0,647757000000.0,3284730000000.0,0.0170128139071907,0.0393092396139916,32.08257592378986,0.0604426662765555,0.5212511736653168,0.6086259426154896,1.890304131113641,0.0629308398742881,0,134.0,156.24967022865775,686287.0,0.0,957263000000.0,189687000000.0,0.6560990855518286,0.7861087769752615,396044000000.0,114325.0,16075.0
KLB,2023,1645837000000.0,3403885000000.0,56897722000000.0,86972602000000.0,5757558000000.0,51783052000000.0,229607000000.0,320567000000.0,451397000000.0,5741323000000.0,0.0189236260862932,0.059824627073822,32.09661426544533,0.0661996751574708,0.595394995771197,0.6542028258508352,1.9341675728189984,0.1009060257280599,0,134.0,154.0715086344088,686287.0,0.0,1023502000000.0,199696000000.0,0.6218732474722588,0.7432072556395317,512733000000.0,148559.0,34234.0
KLB,2024,2021575000000.0,4076479000000.0,63521494000000.0,92176268000000.0,6604952000000.0,61431909000000.0,231594000000.0,170332000000.0,838649000000.0,3920020000000.0,0.0219316212715403,0.0641747972741321,32.15472381639569,0.0716556673785057,0.6664612305631641,0.6891306773235818,2.019430976823461,0.0617117097403282,0,134.0,145.37364433109835,686287.0,0.0,1323461000000.0,259850000000.0,0.6546682660796657,0.7832066581749378,480475000000.0,227825.0,79266.0
KLB,2025,2061000000000.0,5840326000000.0,72010409000000.0,103302689000000.0,8416503000000.0,71587702000000.0,239102000000.0,470205000000.0,625418000000.0,4629566000000.0,0.0199510779433824,0.081103913741137,32.26868452269308,0.0814741908606077,0.6929897245946812,0.6970816509916794,1.8644613009089188,0.0642902333744556,0,134.0,129.71588764741642,686287.0,0.0,1288892000000.0,287893000000.0,0.6253721494420185,0.7650582241630277,877846000000.0,229825.0,2000.0
LPB,2015,1563456000000.0,,77628984000000.0,107587385000000.0,7600520000000.0,56164794000000.0,108688000000.0,45832000000.0,388153000000.0,4348857000000.0,0.0145319639472601,,32.30932451700616,0.0706450853880313,0.5220388431227323,0.7215435527129876,0.9662155976215278,0.0560210474994751,0,131.0,121.76148718550972,,,679507000000.0,414902000000.0,0.4346185629784272,0.6999934759916493,6045000000.0,,
LPB,2016,2031488000000.0,,110984894000000.0,141865255000000.0,8331885000000.0,79676162000000.0,160520000000.0,109998000000.0,617025000000.0,4884081000000.0,0.0143198417399665,,32.58589881458047,0.058730976799076,0.5616326703814828,0.782326116426464,1.113937942944591,0.0440067186080296,0,134.0,94.4558271156669,373270.0,25000.0,1023221000000.0,454633000000.0,0.5036805533677777,0.7274736547791569,76065000000.0,114343.0,81.0
LPB,2017,2813096000000.0,36412964000000.0,128275377000000.0,163433639000000.0,9383258000000.0,100621236000000.0,189204000000.0,154283000000.0,730402000000.0,6282936000000.0,0.0172124662781326,0.283865577725022,32.72742814619938,0.0574132599470541,0.6156702904963157,0.7848774449671282,1.0672588040957875,0.0489800626350916,0,227.0,138.89429458276945,373270.0,0.0,1506146000000.0,565216000000.0,0.5354051194840134,0.7363282305331919,64880000000.0,160828.0,46485.0
LPB,2018,3048068000000.0,22719344000000.0,124948075000000.0,175094532000000.0,10200892000000.0,119193424000000.0,501728000000.0,233610000000.0,945117000000.0,8840534000000.0,0.0174081278563284,0.1818302843000982,32.79634712686297,0.0582593407314398,0.6807375572413649,0.7136035236097493,1.4098554631671625,0.0707536630716399,0,388.0,221.5945841187091,373270.0,0.0,1620343000000.0,662755000000.0,0.5315967360308235,0.7490311895928831,152825000000.0,203950.0,43122.0
LPB,2019,4032180000000.0,19684437000000.0,136847259000000.0,202058040000000.0,12579800000000.0,140522626000000.0,279874000000.0,324179000000.0,1426284000000.0,10198972000000.0,0.0199555533647658,0.1438423914650713,32.939576098792,0.0622583491357235,0.6954567410433161,0.6772670812802104,1.4448470383694652,0.0745281423576046,0,538.0,266.26013001016935,373270.0,0.0,1864881000000.0,726329000000.0,0.4624994419891969,0.6426325213656137,393411000000.0,220762.0,16812.0
LPB,2020,4645147000000.0,25281802000000.0,174525987000000.0,242342951000000.0,14231726000000.0,176621536000000.0,404729000000.0,356353000000.0,1766267000000.0,11148984000000.0,0.019167658810922,0.1448598139141307,33.12137499176433,0.0587255620238774,0.7288082251668215,0.7201611859550229,1.4309404488476425,0.063881512384743,0,556.0,229.42693307386523,373270.0,0.0,2239354000000.0,810693000000.0,0.482084635857595,0.656609360263518,626801000000.0,251945.0,31183.0
LPB,2021,5090421000000.0,17846441000000.0,180276346000000.0,289193879000000.0,16801877000000.0,208954136000000.0,460296000000.0,1069630000000.0,1333528000000.0,11908392000000.0,0.0176021049186867,0.0989949119558924,33.29811844070563,0.0580990063071148,0.7225399677287084,0.6233753861712958,1.3703744059892644,0.0660563200010721,0,556.0,192.25856436608743,409789.0,36519.0,2737169000000.0,855389000000.0,0.5377097493507904,0.7057486993708378,857882000000.0,262760.0,10815.0
LPB,2022,5306893000000.0,18760984000000.0,215888025000000.0,327745847000000.0,24055154000000.0,235506871000000.0,1069695000000.0,1004566000000.0,1352557000000.0,13325675000000.0,0.0161920983853076,0.086901457364298,33.42325956724875,0.0733957553396549,0.7185655383758379,0.6587056006235221,1.4550819623432558,0.0617249381942328,0,561.0,171.16921698171817,409789.0,0.0,3038695000000.0,884358000000.0,0.5725939829576364,0.7392372523810071,1661862000000.0,269167.0,6407.0
LPB,2023,5759872000000.0,22919137000000.0,237391609000000.0,382863179000000.0,34117400000000.0,275430884000000.0,812753000000.0,1706597000000.0,1169301000000.0,21150522000000.0,0.0150442046034413,0.0965456913011613,33.57869880629863,0.0891112070090187,0.7193976833170473,0.6200429344499592,1.3392292637742105,0.0890954911552918,0,566.0,147.83349014609732,624217.0,214428.0,3233810000000.0,1023185000000.0,0.5614378236183026,0.7390780559012422,3565627000000.0,371819.0,102652.0
LPB,2024,5810443000000.0,27721935000000.0,283171846000000.0,508330398000000.0,43338300000000.0,331606315000000.0,855049000000.0,1921132000000.0,2422462000000.0,18743291000000.0,0.0114304456763964,0.0978979209677504,33.86215274185905,0.0852561644365796,0.652344058715922,0.5570625858971353,1.5677153192936029,0.0661905174005186,0,566.0,111.34490524802337,624217.0,0.0,3150672000000.0,1173005000000.0,0.5422429924878361,0.7441217476877409,3210999000000.0,634205.0,262386.0
LPB,2025,6190125000000.0,28540907000000.0,337583366000000.0,605584514000000.0,47192474000000.0,391746491000000.0,953049000000.0,1389832000000.0,4255424000000.0,23257395000000.0,0.0102217359541,0.0845447669361765,34.03721524639062,0.077928799216289,0.6468898757209633,0.5574504601681409,1.6843303390304012,0.0688937825212632,0,566.0,93.46342036745015,638041.0,13824.0,3170041000000.0,1471961000000.0,0.512112598695503,0.7499044041921609,3198621000000.0,839103.0,204898.0
MBB,2015,3449129000000.0,56547885000000.0,181565384000000.0,221041993000000.0,23183051000000.0,121348630000000.0,425343000000.0,442136000000.0,1082115000000.0,6219098000000.0,0.0156039535890359,0.3114463988355842,33.02937381297067,0.1048807544908446,0.5489845090204195,0.8214067450975254,1.6066056946831622,0.0342526634922877,0,250.0,113.1006812809546,933908.0,19320.0,1660746000000.0,599752000000.0,0.4814972127745874,0.6553822718721162,543838000000.0,363495.0,97426.0
MBB,2016,4174668000000.0,66096129000000.0,194812397000000.0,256258500000000.0,26588446000000.0,150737702000000.0,896027000000.0,476547000000.0,614623000000.0,7573533000000.0,0.0162908469377601,0.3392809185546852,33.177207816562735,0.1037563475943237,0.5882251788721155,0.7602182834910842,1.318314511654158,0.0388760321038501,0,265.0,103.41120392104068,964940.0,31032.0,2222110000000.0,821682000000.0,0.5322842439207142,0.7291099555701196,682640000000.0,436531.0,73036.0
MBB,2017,5999239000000.0,66297035000000.0,220176022000000.0,313877828000000.0,29601170000000.0,184188142000000.0,735553000000.0,668431000000.0,813673000000.0,8657074000000.0,0.0191132933416373,0.3011092415867155,33.3800249433219,0.0943079356341155,0.5868147590214623,0.701470452382511,1.2040172488411334,0.0393188773298847,0,282.0,89.84387390370243,980764.0,15824.0,3410749000000.0,967191000000.0,0.5685302752565784,0.7297492231931416,1130676000000.0,621885.0,185354.0
MBB,2018,8733802000000.0,76888783000000.0,239964318000000.0,362325062000000.0,34172858000000.0,214685958000000.0,1099661000000.0,797692000000.0,962335000000.0,10240868000000.0,0.0241048796122195,0.3204175672484773,33.5235628861542,0.0943154685777711,0.5925230697952658,0.6622901454164383,1.3320330899331572,0.042676628281043,0,296.0,81.69459721226792,1075116.0,94352.0,4968364000000.0,1128422000000.0,0.5688661135207782,0.6980678059795722,2561310000000.0,743180.0,121295.0
MBB,2019,9723706000000.0,92352406000000.0,272709512000000.0,411487575000000.0,39885814000000.0,250330623000000.0,1380392000000.0,899344000000.0,617902000000.0,13196607000000.0,0.0236306187373944,0.3386475422976812,33.65079994117912,0.0969307858202036,0.6083552413459872,0.6627405748521082,1.1575243832633293,0.0483907103320987,0,296.0,71.93412826620585,1102024.0,26908.0,6064062000000.0,1254228000000.0,0.6236369137446155,0.7526235367461748,3185837000000.0,872307.0,129127.0
MBB,2020,10555457000000.0,115194453000000.0,310960354000000.0,494982162000000.0,50099495000000.0,298296983000000.0,889758000000.0,973564000000.0,1384484000000.0,12489598000000.0,0.0213249240282723,0.3704473947183633,33.83554284148428,0.1012147484215805,0.6026418846988671,0.6282253743115697,1.0887827182616865,0.0401645992466293,0,296.0,59.80013477738214,1102024.0,0.0,5998888000000.0,1603540000000.0,0.5683210115867082,0.7202367457894054,3575553000000.0,1169487.0,297180.0
MBB,2021,12377188000000.0,171396096000000.0,384692155000000.0,607140419000000.0,62486023000000.0,363554778000000.0,1433433000000.0,1015111000000.0,819491000000.0,12265378000000.0,0.0203860385714165,0.4455409182960853,34.03978121301893,0.102918568826168,0.5987985095750972,0.6336131526766298,0.898911305189888,0.0318836187340498,0,296.0,48.753136957597285,1102024.0,0.0,6710310000000.0,2186760000000.0,0.5421514159759067,0.718828056905979,4367378000000.0,1811224.0,641737.0
MBB,2022,14815628000000.0,166971567000000.0,443605638000000.0,728532373000000.0,79613219000000.0,460574482000000.0,1517212000000.0,1220770000000.0,2293312000000.0,16462690000000.0,0.0203362658257603,0.3763964041412837,34.22205317846254,0.1092789036569003,0.6321949429692674,0.6089031241992592,1.0923953012229628,0.037111092803559,0,296.0,40.62962895953561,1102024.0,0.0,8154390000000.0,2568050000000.0,0.5503911140317508,0.7237249747361367,4135568000000.0,2439978.0,628754.0
MBB,2023,14912941000000.0,216092296000000.0,567532577000000.0,944953640000000.0,96711159000000.0,611048830000000.0,3210741000000.0,3704226000000.0,2889691000000.0,30459195000000.0,0.0157816641671436,0.3807575190525142,34.48215698401784,0.1023448716489414,0.6466442417217421,0.6005930375589643,1.6045621100362797,0.0536695094420985,0,306.0,32.38254101016003,1153177.0,51153.0,7996974000000.0,2843585000000.0,0.5362439239852153,0.7269229456483466,4085225000000.0,3020072.0,580094.0
MBB,2024,17007250000000.0,271579760000000.0,714154479000000.0,1128801062000000.0,117059581000000.0,776657846000000.0,3379646000000.0,4599274000000.0,4606512000000.0,27909674000000.0,0.0150666495386412,0.3802815328978704,34.659932457288825,0.1037025787277298,0.6880378413393095,0.6326663776650486,1.6204602921116953,0.0390807238779496,0,319.0,28.26007263270984,1153177.0,0.0,9381603000000.0,3156134000000.0,0.5516237486954093,0.7371995472519073,4368249000000.0,3798646.0,778574.0
MBB,2025,19681153000000.0,339352789000000.0,921368132000000.0,1615763927000000.0,142022525000000.0,1084019370000000.0,3276216000000.0,4330016000000.0,6421264000000.0,37477999000000.0,0.0121807107282944,0.3683140074134884,35.01858425956094,0.0878980664357906,0.6709020741741067,0.5702368499528954,1.2940263235333147,0.0406764654629925,0,327.0,20.23810499391103,1185389.0,32212.0,11212709000000.0,3029987000000.0,0.569718095276227,0.7236718295925041,6578681000000.0,4473644.0,674998.0
MSB,2015,1808858000000.0,11593269000000.0,62615688000000.0,104311276000000.0,13616249000000.0,28091320000000.0,92388000000.0,182632000000.0,683094000000.0,7604795000000.0,0.0173409632147535,0.1851495906265535,32.27840058330932,0.1305347755500565,0.2693028124782981,0.600277270119867,3.4107119209777257,0.1214519115401239,0,270.0,258.8406645509734,230975.0,31720.0,776687000000.0,436158000000.0,0.4293797523078096,0.6705031572406458,38644000000.0,290298.0,117208.0
MSB,2016,1897097000000.0,,57586806000000.0,92605862000000.0,13599986000000.0,35118872000000.0,81464000000.0,72948000000.0,675955000000.0,4094906000000.0,0.0204857118008361,,32.15937356011267,0.1468588025237538,0.3792294703762922,0.6218483879562613,2.364446671293998,0.0711084063248793,0,270.0,291.5582169085581,143451.0,-87524.0,813338000000.0,381631000000.0,0.4287276823483459,0.6298934635392919,93035000000.0,300234.0,9936.0
MSB,2017,2065862000000.0,,56848515000000.0,112238978000000.0,13721942000000.0,36212703000000.0,130880000000.0,35179000000.0,640331000000.0,4521262000000.0,0.0184059231187939,,32.35165144619306,0.1222564767116821,0.3226392795558063,0.5064953014807387,2.226815269768733,0.0795317520607178,0,264.0,235.21240544439027,70065.0,-73386.0,943388000000.0,400529000000.0,0.4566558656870594,0.6505357085807281,136523000000.0,348850.0,48616.0
MSB,2018,2923739000000.0,13272952000000.0,63528770000000.0,137768688000000.0,13820154000000.0,48762243000000.0,185203000000.0,38181000000.0,1242518000000.0,4609175000000.0,0.0212220864003582,0.2089282068580896,32.55659722082147,0.1003141875024606,0.3539428567396969,0.4611263337283142,3.0062234831978505,0.0725525616189326,0,272.0,197.43238028077903,52233.0,-17832.0,1198076000000.0,431664000000.0,0.4097752911597102,0.5574163767696091,271586000000.0,399067.0,50217.0
MSB,2019,2502184000000.0,15891920000000.0,80872643000000.0,156977946000000.0,14863521000000.0,63594389000000.0,151287000000.0,167823000000.0,981332000000.0,5532701000000.0,0.0159397167803431,0.1965055105222664,32.687126440072255,0.0946854088662875,0.4051167098338769,0.515184744486337,2.044900533598963,0.0684125162077366,0,278.0,177.09494045743216,52233.0,0.0,1453705000000.0,470635000000.0,0.5809744607111228,0.7690641455624366,522253000000.0,433920.0,34853.0
MSB,2020,3585922000000.0,23326844000000.0,87510188000000.0,176697625000000.0,16874819000000.0,79340579000000.0,295721000000.0,394154000000.0,867771000000.0,5197303000000.0,0.0202941154415629,0.2665614659632545,32.805461054303656,0.0955011081784489,0.4490189327672061,0.4952539005546905,1.963240021225456,0.0593908334421587,0,263.0,148.84184210172606,52233.0,0.0,2088008000000.0,491825000000.0,0.5822792576079457,0.7194336630858117,820670000000.0,398808.0,-35112.0
MSB,2021,3931913000000.0,32268015000000.0,94616419000000.0,203665423000000.0,22037785000000.0,101562609000000.0,344979000000.0,469210000000.0,954604000000.0,4122347000000.0,0.019305746366186,0.3410403325452424,32.94749968003041,0.1082058244123255,0.4986737930473353,0.4645679055693218,1.7415789308839045,0.0435690448187433,0,263.0,129.13335809584134,52233.0,0.0,2397659000000.0,526152000000.0,0.6097945198685729,0.7436102986001979,2873439000000.0,444085.0,45277.0
MSB,2022,4427964000000.0,34736911000000.0,117120779000000.0,212775858000000.0,26653998000000.0,120643542000000.0,616555000000.0,442851000000.0,1009347000000.0,4930323000000.0,0.0208104624350756,0.2965905050887682,32.99126041771206,0.1252679615560521,0.566998263496604,0.5504420478003665,1.7147648068887102,0.0420960570967513,0,263.0,123.60424837295216,52233.0,0.0,2647866000000.0,574742000000.0,0.5979872465087792,0.7277855014178074,1112464000000.0,546134.0,102049.0
MSB,2023,4812331000000.0,33317559000000.0,132350131000000.0,267005838000000.0,31298212000000.0,149145386000000.0,1032207000000.0,1441280000000.0,1807342000000.0,9762570000000.0,0.0180233175276115,0.2517380130133758,33.2182916392583,0.1172192047725937,0.5585847377614268,0.4956825363496359,2.870238976082036,0.0737632061731771,0,263.0,98.4997189462202,52233.0,0.0,2838027000000.0,639932000000.0,0.5897406059558248,0.7227181588298893,1597025000000.0,556624.0,10490.0
MSB,2024,5229935000000.0,38536725000000.0,154612451000000.0,320148089000000.0,36817557000000.0,176493451000000.0,773190000000.0,1004586000000.0,2943465000000.0,8438193000000.0,0.0163359869375949,0.2492472291251627,33.39980478279855,0.1150016453791795,0.5512869108520588,0.4829404151152062,2.675023335568412,0.0545764131247101,0,260.0,81.2124166700867,69315.0,17082.0,2901850000000.0,803478000000.0,0.5548539322190429,0.7084845222741774,1354055000000.0,574675.0,18051.0
MSB,2025,5067703000000.0,55328682000000.0,196671626000000.0,407673941000000.0,42446058000000.0,205208835000000.0,889398000000.0,1461694000000.0,3169256000000.0,10653757000000.0,0.0124307749167612,0.2813251871929914,33.641488806615065,0.1041176629928377,0.503365102259504,0.4824238348852422,2.6901122458981845,0.0541702797535217,0,260.0,63.77645805916253,69315.0,0.0,2341676000000.0,1046496000000.0,0.4620783814678958,0.6685814066057146,1752864000000.0,617831.0,43156.0
NAB,2015,588530000000.0,699594000000.0,24368265000000.0,35469965000000.0,3414621000000.0,20866403000000.0,79859000000.0,23607000000.0,87063000000.0,1618223000000.0,0.0165923479202756,0.0287092248873688,31.199707397964225,0.0962679551558621,0.5882837211708554,0.6870112502225474,0.9130898123648816,0.0664069846581199,0,58.0,163.5186276614595,374463.0,-45991.0,238208000000.0,57447000000.0,0.4047508198392605,0.5023618167298184,42929000000.0,,
NAB,2016,781533000000.0,1538534000000.0,34080117000000.0,42851605000000.0,3433072000000.0,24039291000000.0,285315000000.0,97986000000.0,322656000000.0,2062781000000.0,0.0182381266699345,0.0451446220093669,31.38876421651357,0.0801153655738215,0.5609892791646894,0.7953054967252685,2.936679788101904,0.060527403705803,0,68.0,158.68717169403573,373951.0,-512.0,323855000000.0,61910000000.0,0.4143842934335466,0.493600398191759,23931000000.0,76461.0,0.0
NAB,2017,861316000000.0,2361113000000.0,39860577000000.0,54439880000000.0,3667054000000.0,36345540000000.0,18932000000.0,464819000000.0,224063000000.0,2753338000000.0,0.0158214162117917,0.0592342905623267,31.628118089447813,0.0673597002785458,0.6676271145344185,0.7321944317290927,1.947457652300668,0.0690742133512016,0,67.0,123.07154240604498,371128.0,-2823.0,413321000000.0,223246000000.0,0.4798714989620534,0.7390632474028115,27031000000.0,,
NAB,2018,1154419000000.0,2149044000000.0,54187107000000.0,75059004000000.0,4230082000000.0,50814947000000.0,215304000000.0,56889000000.0,512529000000.0,3540092000000.0,0.015380153459004,0.0396596924799842,31.94929564016289,0.0563567563459808,0.6770000172131247,0.7219268057433855,1.544273971199852,0.0653308913502247,0,69.0,91.92767865664725,371128.0,0.0,616026000000.0,254139000000.0,0.5336242733357646,0.7537687789268888,52524000000.0,141573.0,637.0
NAB,2019,1553650000000.0,3136256000000.0,70744212000000.0,94687435000000.0,4960385000000.0,67545653000000.0,531871000000.0,537186000000.0,264705000000.0,4934698000000.0,0.016408196082194,0.0443323335059552,32.181602425163355,0.052386940252421,0.713353920718203,0.747134104963346,1.9746081957339283,0.0697540881507027,0,102.0,107.7228462255842,367968.0,-3160.0,795200000000.0,275945000000.0,0.511826988060374,0.6894377755607762,73365000000.0,141573.0,0.0
NAB,2020,1630769000000.0,4734896000000.0,98254031000000.0,134315195000000.0,6598770000000.0,89171618000000.0,138750000000.0,137123000000.0,467897000000.0,6473185000000.0,0.0121413589877154,0.0481903485466158,32.53121035527656,0.0491289909529595,0.6638982134523201,0.7315183587381904,0.834088263375461,0.0658821315941734,0,106.0,78.9188445879113,401166.0,33198.0,770741000000.0,363803000000.0,0.4726242649939998,0.6957110418459022,117408000000.0,154928.0,13355.0
NAB,2021,2239731000000.0,10483864000000.0,115319388000000.0,153237506000000.0,8024842000000.0,102653266000000.0,321506000000.0,192739000000.0,1098892000000.0,6771150000000.0,0.0146160757797767,0.0909115473280173,32.66301016050457,0.0523686544467775,0.6698964808263064,0.7525532815706358,1.571442451718974,0.0587164926681712,0,107.0,69.82624736792572,401166.0,0.0,1332870000000.0,438156000000.0,0.5951027154600262,0.7907315655317536,207650000000.0,154928.0,0.0
NAB,2022,2841928000000.0,8267779000000.0,124993335000000.0,177578734000000.0,12649780000000.0,119538340000000.0,159761000000.0,131749000000.0,1319728000000.0,7847229000000.0,0.0160037631533064,0.0661457588918641,32.810435198326104,0.0712347684605072,0.6731568432062366,0.7038755834355707,1.3478838672178317,0.0627811794924905,0,116.0,65.323137172495,401166.0,0.0,1526950000000.0,110661000000.0,0.5372936963920268,0.5762324027913445,274892000000.0,174388.0,19460.0
NAB,2023,3492455000000.0,9997386000000.0,145428945000000.0,209896239000000.0,15241792000000.0,141438441000000.0,820666000000.0,1182425000000.0,986031000000.0,12691031000000.0,0.0166389594050801,0.0687441279313413,32.97763442453839,0.0726158413919936,0.6738493346705464,0.6928611283978271,2.113373124637312,0.0872661972484225,0,139.0,66.22319707214953,561965.0,160799.0,1888273000000.0,145802000000.0,0.5406721060113874,0.5824198164328531,590031000000.0,182474.0,8086.0
NAB,2024,3985763000000.0,9760047000000.0,158334003000000.0,245128983000000.0,19288533000000.0,167737997000000.0,264304000000.0,1027409000000.0,2617266000000.0,9473887000000.0,0.0162598602222406,0.0616421413914483,33.132805649165675,0.0786872803204996,0.684284636386714,0.6459211842770954,2.330407582010176,0.0598348227196655,0,147.0,59.96842894746559,561965.0,0.0,2103964000000.0,399660000000.0,0.5278698206591812,0.6281417133933954,560966000000.0,193642.0,11168.0
NAB,2025,3817758000000.0,10546863000000.0,177810693000000.0,418333322000000.0,23430767000000.0,197607593000000.0,262454000000.0,1550418000000.0,2447265000000.0,13739756000000.0,0.0091261149882772,0.0593151222913236,33.66729965173469,0.0560098031110225,0.4723687610044126,0.4250454927900771,2.155856936124919,0.0772718207672696,0,147.0,35.139443183060614,561965.0,0.0,1887529000000.0,226375000000.0,0.4944077125894308,0.5537029848408411,588182000000.0,204937.0,11295.0
NVB,2015,655265159274.0,1570054586874.0,34030972378659.0,48230002089499.0,3217325355296.0,20431441471031.0,156676181973.0,29277860353.0,253263264103.0,1988405153595.0,0.0135862560830506,0.0461360483445541,31.507002393333064,0.0667079663261408,0.4236251417347437,0.7055975721400286,2.1497127701525627,0.058429278231319,0,89.0,184.53244068877564,913439.0,0.0,279215152743.0,129872210470.0,0.4261101766075217,0.6243081253797282,3624015891.0,33911.0,10826.0
NVB,2016,863133000000.0,2276865000000.0,41791705000000.0,69011008000000.0,3228163000000.0,25352217000000.0,150144000000.0,22298000000.0,203933000000.0,2608149000000.0,0.0125071785649037,0.0544812660789982,31.86528714403314,0.0467775083070805,0.3673648267824171,0.6055802720632627,1.4845841687139234,0.06240829370326,0,90.0,130.41397685424332,914039.0,600.0,404811000000.0,175386000000.0,0.4690018803591103,0.6721988384177178,3558000000.0,45088.0,11177.0
NVB,2017,959550000000.0,3661325000000.0,45719622000000.0,71841565000000.0,3218141000000.0,32110586000000.0,118105000000.0,90580000000.0,283626000000.0,3319980000000.0,0.0133564740690156,0.0800821362871285,31.90548432420637,0.0447949734948006,0.4469638989629471,0.636395128641755,1.5331735148028751,0.0726160859335188,0,90.0,125.27566736609928,1032340.0,118301.0,421589000000.0,203367000000.0,0.4393611588765567,0.6513011307383669,18182000000.0,49393.0,4305.0
NVB,2018,999842000000.0,4020291000000.0,47148818000000.0,72422170000000.0,3232766000000.0,35674111000000.0,124077000000.0,168193000000.0,303489000000.0,3757692000000.0,0.0138057448430501,0.0852681184923872,31.913533583915445,0.0446377953049459,0.4925855024780395,0.6510274132907092,1.6700037738852134,0.0796985409050975,0,90.0,124.2713384589277,381138.0,-651202.0,443811000000.0,248670000000.0,0.4438811332190486,0.6925904292878274,25421000000.0,57859.0,8466.0
NVB,2019,862619000000.0,4729576000000.0,59095308000000.0,80394022000000.0,4306672000000.0,37910603000000.0,128597000000.0,133338000000.0,468154000000.0,4132865000000.0,0.0107298898418093,0.0800330205572327,32.0179609361153,0.0535695552089681,0.4715599749444057,0.7350709235569779,1.9258174289657168,0.0699355860874775,0,90.0,111.94862224954986,381138.0,0.0,415720000000.0,204627000000.0,0.4819277108433735,0.7191436775679645,50745000000.0,59404.0,1545.0
NVB,2020,802677000000.0,6163218000000.0,72084752000000.0,89601240000000.0,4262820000000.0,40313272000000.0,55841000000.0,87573000000.0,465418000000.0,4525032000000.0,0.0089583246838994,0.0854996074620607,32.12639027509938,0.047575457661077,0.4499186841610674,0.8045061876375817,1.51025200832123,0.0627737749586764,0,90.0,100.4450384838424,379918.0,-1220.0,394130000000.0,191995000000.0,0.4910194262449279,0.7302127754999832,44789000000.0,69555.0,10151.0
NVB,2021,950593000000.0,5869463000000.0,64520093000000.0,73782685000000.0,4264220000000.0,41615019000000.0,603033000000.0,181534000000.0,464861000000.0,4283296000000.0,0.0128836867349026,0.0909710870999519,31.93214519941105,0.0577943185450624,0.5640214773967632,0.8744611693109298,3.0023487433707525,0.0663870090825814,0,90.0,121.97983849462784,536147.0,156229.0,508490000000.0,195971000000.0,0.5349187296771594,0.741075307728965,143632000000.0,72493.0,2938.0
NVB,2022,1027681000000.0,6243580000000.0,71350329000000.0,89847242000000.0,5764228000000.0,47722273000000.0,1027743000000.0,4248162000000.0,3280585000000.0,3831517000000.0,0.0114380917780425,0.0875059735183561,32.12913203308321,0.0641558702491947,0.531149002882025,0.7941293178481761,17.929762063093683,0.053700060724317,0,90.0,100.17001968741566,536147.0,0.0,594180000000.0,195555000000.0,0.5781755233384679,0.7684631709645309,132842000000.0,85143.0,12650.0
NVB,2023,1238721000000.0,4586717000000.0,76850214000000.0,96249499000000.0,5094672000000.0,55344259000000.0,276539000000.0,2527379000000.0,13665061000000.0,5976390000000.0,0.012869895561742,0.0596838546214067,32.19796488388809,0.052931932663878,0.5750082813418073,0.7984479378952404,29.7573394197942,0.0777667320483974,0,76.0,78.96144997076816,536147.0,0.0,652446000000.0,236877000000.0,0.5267094042968513,0.7179364844868215,33518000000.0,141253.0,56110.0
NVB,2024,3392048000000.0,9083078000000.0,96117186000000.0,118498716000000.0,6092846000000.0,71174720000000.0,280960000000.0,438642000000.0,13187712000000.0,4710884000000.0,0.0286251878037227,0.0945000408147612,32.40592324100199,0.0514169790666761,0.600637056691821,0.8111242825618465,19.539682066891164,0.0490118801438901,0,64.0,54.00902403026882,609010.0,72863.0,955516000000.0,330871000000.0,0.2816929477413055,0.3792360839233407,74968000000.0,182706.0,41453.0
NVB,2025,2043777000000.0,10956195000000.0,127403437000000.0,163614988000000.0,13592924000000.0,97544593000000.0,143208000000.0,370313000000.0,7903423000000.0,6405963000000.0,0.0124913800684323,0.0859960708909289,32.728537149592846,0.0830787213699517,0.5961837249286722,0.778678277322613,8.628816565978187,0.0502809276644553,0,64.0,39.1162208195743,416098.0,-192912.0,1089359000000.0,364404000000.0,0.5330126525545595,0.7113119484170729,188789000000.0,221645.0,38939.0
OCB,2015,796628706640.0,,29506294710206.0,49447189185160.0,4225318936966.0,27693970521649.0,,,,1770042726283.0,0.0161106974889299,,31.53192633082784,0.0854511450821575,0.5600716841142603,0.5967233971523982,,0.0599886479704534,0,106.0,214.37012244128232,,,,,,,14544507731.0,,
OCB,2016,1046526378638.0,4019461203013.0,43063985057813.0,63815087729633.0,4715677950774.0,38506723127255.0,105821757194.0,94852415726.0,474825179243.0,2379925934113.0,0.0163993565764861,0.0933369542464988,31.78701076311166,0.0738959722307839,0.6034109565185808,0.6748245060833149,1.754237435189292,0.0552648792469617,0,115.0,180.20816720839343,139854.0,-2656.0,324210745730.0,239685647198.0,0.3097970126199241,0.5388267361802022,97511130746.0,136028.0,15168.0
OCB,2017,1445956693911.0,4940300683342.0,53205792395177.0,84300169452048.0,6139453991268.0,48182976683825.0,162410019608.0,130311394024.0,571852627895.0,3211564137216.0,0.017152476718727,0.0928526850356584,32.06540499104167,0.0728284893277737,0.5715644108074143,0.631146921068074,1.794355809937407,0.0603611748390598,0,121.0,143.53470554863802,182466.0,42612.0,417756862890.0,249548422772.0,0.2889138137049306,0.4614974213764892,195619962173.0,167230.0,31202.0
OCB,2018,1869767287781.0,7734102855103.0,60362575007000.0,99964107627218.0,8797238027838.0,56316351513938.0,432493868400.0,180204614472.0,675628704639.0,4221019182442.0,0.0187043863258766,0.1281274507292988,32.235832313760284,0.0880039669902751,0.5633657204638949,0.6038424834651814,2.287660959698616,0.0699277521204571,0,128.0,128.0459587328407,145532.0,-36934.0,623416923074.0,291970117935.0,0.3334195261346442,0.4895727115299796,337762358314.0,210191.0,42961.0
OCB,2019,2449236101393.0,7918216224363.0,69142056294441.0,118159970847748.0,11507150358768.0,71090741071723.0,351415095527.0,225490821722.0,732330897382.0,5537196484058.0,0.0207281373194387,0.114520982578871,32.4030605074332,0.0973861983564234,0.601648261773229,0.5851563418505936,1.841641815648144,0.0800843478024125,0,128.0,108.32771799252652,135350.0,-10182.0,794934868878.0,368972375236.0,0.3245644094605178,0.4752123502720008,545797223084.0,282866.0,72675.0
OCB,2020,2330118602224.0,10089498416439.0,87171375610769.0,152528878791414.0,17435383126063.0,89237886166154.0,488697139883.0,322577135849.0,697195421421.0,5811686078906.0,0.0152765733327816,0.1157432511044664,32.658375063171974,0.1143087346095699,0.585055675182589,0.5715073519289251,1.6903915612079232,0.066669661206861,0,133.0,87.19660240988195,135350.0,0.0,1550209010147.0,354535082594.0,0.6652918905790421,0.8174451252923358,840561444289.0,312870.0,30004.0
OCB,2021,2402923565171.0,14903745787679.0,98804612775544.0,184491035016344.0,21805009400355.0,102050733038455.0,325973161270.0,290448984366.0,733118031691.0,5954516274613.0,0.0130246088378122,0.1508405869828777,32.84862198753124,0.1181900757314484,0.5531473820904867,0.5355523793705799,1.322420855927084,0.060265569666671,0,135.0,73.1742872969629,135350.0,0.0,1584030955013.0,374599267142.0,0.6592098799864552,0.8151030064144456,784500726282.0,346348.0,33478.0
OCB,2022,3076802357805.0,10809453049274.0,102203189310223.0,193994237850692.0,25272239382832.0,119802569762625.0,670539465956.0,625718716589.0,1365228611553.0,7120149043887.0,0.0158602770468526,0.1057643418197397,32.898849572750215,0.1302731445161934,0.6175573619605715,0.526836211438836,2.2215606888662154,0.0696666032825533,0,148.0,76.29092577167599,153109.0,17759.0,2030006109354.0,411791512218.0,0.659777871075935,0.7936153634886011,1014174306465.0,402758.0,56410.0
OCB,2023,3171425038560.0,15029688541614.0,125945932418559.0,240114274727459.0,28535703470870.0,147206466215571.0,967259763141.0,1255638819170.0,1680979063991.0,11361222432425.0,0.013207982083363,0.119334449735665,33.11213607064737,0.1188421783888499,0.6130683666460782,0.524524968628015,2.651974296146144,0.0902071405900429,0,158.0,65.80200205895191,154536.0,1427.0,1939838578351.0,496478499699.0,0.6116614943646256,0.7682089434332715,882062943945.0,426898.0,24140.0
OCB,2024,3803760652156.0,20520449982806.0,142459763487912.0,276486854526261.0,31671045433324.0,170844469638663.0,1075776805310.0,1710943603143.0,2621403037774.0,9347544341743.0,0.0137574737817949,0.1440438302043594,33.25318439336026,0.1145481056869409,0.6179117265136959,0.5152496806114195,3.1655244431764227,0.0656153296403314,0,175.0,63.29414839625886,139550.0,-14986.0,2261241024089.0,593656100410.0,0.5944751078928459,0.7505459427056281,930981459789.0,497805.0,70907.0
OCB,2025,4202555569391.0,14828557948068.0,150029644383127.0,322949479567113.0,33924677884591.0,198764945826810.0,797210239597.0,1715658267794.0,3832608212238.0,11869499472499.0,0.0130130433249936,0.0988375198050905,33.408517016908945,0.1050463927982302,0.6154676146041106,0.4645607250528141,3.1924526194664167,0.0791143611737701,0,175.0,54.18804211561913,252348.0,112798.0,2429677188704.0,631540596140.0,0.5781427868319868,0.7284181575468393,1010599873776.0,541634.0,43829.0
PCB,2015,1520347000000.0,,64720010000000.0,98605445000000.0,9744250000000.0,40169725000000.0,,,,4189055000000.0,0.0154184893136479,,32.22214759913613,0.0988206077260743,0.4073783653630892,0.6563533078726028,,0.0647258089113397,0,110.0,111.55570567122332,,,,,,,64948000000.0,,
PCB,2016,1584790000000.0,,83483264000000.0,114082903000000.0,10042077000000.0,50225797000000.0,,,,4774903000000.0,0.0138915644529136,,32.367946519325464,0.0880243817077481,0.4402570032776953,0.7317771708526737,,0.057195930911374,0,115.0,100.8038864508909,,,,,,,28181000000.0,,
PCB,2017,1622568000000.0,3811313000000.0,88689672000000.0,126537416000000.0,10131197000000.0,59148603000000.0,131101000000.0,252848000000.0,643715000000.0,5686641000000.0,0.0128228317859754,0.0429735832149655,32.47155915901837,0.080064832365472,0.4674396306622856,0.7008968161638451,1.7374273404225624,0.0641184127955733,0,115.0,90.88220989118348,,,716188000000.0,358088000000.0,0.44139167048777,0.6620838078897155,75402000000.0,,
PCB,2018,1842257000000.0,6228057000000.0,102915585000000.0,140545390000000.0,10217746000000.0,69954815000000.0,739829000000.0,306633000000.0,678046000000.0,7062946000000.0,0.0131079148167008,0.0605161696355318,32.57655161302776,0.0727006840992792,0.4977382395822445,0.7322587030424833,2.4651741270418626,0.0686285366788713,0,108.0,76.84350230199654,,,851758000000.0,385012000000.0,0.4623448302815514,0.6713341298201065,85837000000.0,168974.0,6275.0
PCB,2019,2106759000000.0,4950681000000.0,113854406000000.0,164195791000000.0,10425857000000.0,78876784000000.0,517506000000.0,626444000000.0,921921000000.0,8106851000000.0,0.0128307734757951,0.0434825596472744,32.732080679244405,0.0634964936464175,0.4803824965281844,0.6934063614334669,2.619111600696093,0.0712036651440612,0,108.0,65.7751330544155,,,938302000000.0,377929000000.0,0.445376998508135,0.6247658132705259,183999000000.0,213282.0,44308.0
PCB,2020,2341647000000.0,7414249000000.0,145248877000000.0,181393673000000.0,10499359000000.0,84647622000000.0,750092000000.0,718935000000.0,1157720000000.0,9583676000000.0,0.0129091988781769,0.0510451382009652,32.83169077428025,0.0578816164111743,0.4666514581244518,0.8007383862831864,3.10315510103757,0.0659810677916635,0,108.0,59.539011594963405,,,1110556000000.0,377279000000.0,0.4742627731677746,0.6353797135093376,232942000000.0,239963.0,26681.0
PCB,2021,2835180000000.0,10901087000000.0,149634428000000.0,191914842000000.0,10580452000000.0,88912644000000.0,869552000000.0,681550000000.0,1551120000000.0,10490474000000.0,0.0147731148380905,0.0728514630336275,32.88807285831725,0.055130973142765,0.4632921720561873,0.7796917968439356,3.489067314205615,0.0701073552404664,0,108.0,56.27495970322087,,,1334783000000.0,464460000000.0,0.4707930360682567,0.6346133226109101,287718000000.0,284861.0,44898.0
PCB,2022,3190045000000.0,9098149000000.0,164870257000000.0,233771140000000.0,10632869000000.0,107860370000000.0,658626000000.0,395843000000.0,2008624000000.0,10795562000000.0,0.0136460172115343,0.0551836890749797,33.085363718510706,0.0454840961121206,0.461393010274921,0.7052635196970849,2.8398688044552416,0.0654791361185298,0,108.0,46.199030385016734,,,1542834000000.0,455815000000.0,0.4836401994329233,0.6265268985233751,318187000000.0,297860.0,12999.0
PCB,2023,3324879000000.0,10294599000000.0,178166861000000.0,221017825000000.0,10756964000000.0,98382015000000.0,732228000000.0,576853000000.0,2433477000000.0,17085881000000.0,0.0150434880082635,0.057780661017539,33.02926447030237,0.0486701197064083,0.4451315861062337,0.806119872910703,3.80410789512697,0.0958981984870912,0,108.0,48.86483703294067,,,1887265000000.0,477468000000.0,0.5676191524563751,0.7112237768652634,316710000000.0,285269.0,-12591.0
PCB,2024,4446690000000.0,12366272000000.0,170100756000000.0,225834577000000.0,10888933000000.0,115094335000000.0,339104000000.0,674706000000.0,2584564000000.0,12881763000000.0,0.0196900317881791,0.0726996886480622,33.0508238870102,0.0482164119624604,0.5096400052149676,0.7532095317715675,3.1264562239314384,0.0757301925218956,0,108.0,47.822614869112805,,,2225011000000.0,521439000000.0,0.50037466070268,0.6176391878003639,1151766000000.0,345794.0,60525.0
PCB,2025,5282762000000.0,17815517000000.0,201548159000000.0,263457033000000.0,12255646000000.0,151655592000000.0,553641000000.0,714587000000.0,3218919000000.0,17898929000000.0,0.0200517023206588,0.0883933501967636,33.20491140799521,0.0465185759531422,0.575636908504925,0.7650133940436503,2.9587745106029457,0.0888072066190393,0,108.0,40.99340175898816,,,2516441000000.0,589600000000.0,0.4763494929357029,0.5879577766327538,352105000000.0,370103.0,24309.0
PGB,2015,485011000000.0,4032654000000.0,16864930000000.0,24681414000000.0,3372713000000.0,15882795000000.0,106818000000.0,128555000000.0,202018000000.0,758090000000.0,0.0196508595496189,0.2391147784188846,30.83707160667948,0.1366499099281751,0.6435123611637485,0.6833048544139327,2.7538666840439605,0.0449506757513965,0,79.0,320.0789063381863,21591.0,1635.0,222692000000.0,121634000000.0,0.4591483492126982,0.7099344138586547,21829000000.0,52668.0,3211.0
PGB,2016,419228946376.0,3879597352966.0,18297115686684.0,24824533188761.0,3495341324841.0,17534132360519.0,56307759921.0,104568805195.0,271939037955.0,795446564049.0,0.0168876869985132,0.2120332745007146,30.84285352160488,0.1408018953775724,0.7063227423932935,0.7370577947047879,2.468417565077562,0.0434738773952168,0,79.0,318.23357724110707,21509.0,-81.0,211554222509.0,100668937618.0,0.5046269451042635,0.7447557303139365,16757987030.0,52668.0,0.0
PGB,2017,476856661424.0,5391885945690.0,22877378274548.0,29297960807065.0,3559846367148.0,21421022996354.0,83266119626.0,106661169694.0,525251964778.0,1079214474113.0,0.0162761041481429,0.2356863571071292,31.008539032501087,0.1215049194239336,0.7311438204664561,0.7808522383247669,3.3386792695182126,0.0471738702381675,0,79.0,269.6433397540408,21509.0,0.0,250665829853.0,95767329918.0,0.5256628461568642,0.7264932794195924,21966316922.0,56061.0,3393.0
PGB,2018,519582002270.0,4276098928409.0,23344960373368.0,29899607631751.0,3686767542218.0,22051624688110.0,113501857701.0,141342706110.0,420209449199.0,1155126617401.0,0.0173775525307644,0.1831701086666733,31.028866473555173,0.1233048803725085,0.7375222096457524,0.7807781513686993,3.061243888183812,0.0494807701074006,0,79.0,264.2175140656638,21509.0,0.0,274131407951.0,103872323970.0,0.5275998913614179,0.727515060701758,32649511242.0,58009.0,1948.0
PGB,2019,561665438010.0,4378082393329.0,25388098405766.0,31574084351069.0,3760411603654.0,23696714186800.0,44629728026.0,131475028974.0,572531573892.0,1402631614876.0,0.0177888116014671,0.1724462511274446,31.08335778457024,0.1190980413506966,0.7505115246833026,0.8040802742995915,3.15924108714203,0.0552476043088537,0,79.0,250.2051971534855,21509.0,0.0,308820968095.0,106948804212.0,0.549830819551873,0.740244537353209,32458548201.0,58609.0,600.0
PGB,2020,655043136728.0,5837472601220.0,28737831665798.0,36153015004943.0,3929919186365.0,25675229114079.0,68847065762.0,68191740742.0,489451441782.0,1464788372924.0,0.0181186309534195,0.2031284986670515,31.21878146368188,0.1087023913725503,0.7101822382052664,0.7948944690192183,2.440057089665713,0.0509707339773759,0,79.0,218.51566180358336,21509.0,0.0,361193895842.0,119910182259.0,0.5514047481608559,0.7344616730192131,29995133628.0,58609.0,0.0
PGB,2021,664372000000.0,4156684000000.0,28074529000000.0,40521052000000.0,4180846000000.0,27498895000000.0,87848000000.0,122598000000.0,483490000000.0,1658666000000.0,0.0163957243755665,0.1480589042117144,31.33284275745968,0.1031771337032414,0.6786323069795918,0.6928381079543542,2.523505035384149,0.0590808130743707,0,79.0,194.96038750425333,36749.0,15240.0,395028000000.0,126611000000.0,0.5945885738712648,0.7851610242454529,48352000000.0,70457.0,11848.0
PGB,2022,745913000000.0,5446216000000.0,31259873000000.0,48991137000000.0,4584528000000.0,29050846000000.0,62262000000.0,119495000000.0,562786000000.0,1538115000000.0,0.015225468231121,0.1742238684079106,31.52266052012784,0.093578722208468,0.592981665234673,0.6380720047383265,2.562896102922441,0.0492041346425175,0,80.0,163.2948424936535,30917.0,-5832.0,458595000000.0,134481000000.0,0.6148103062957745,0.7951007691245494,79225000000.0,83841.0,13384.0
PGB,2023,808209000000.0,5913319000000.0,35729811000000.0,55491118000000.0,4863824000000.0,35335012000000.0,221231000000.0,293570000000.0,493473000000.0,2154514000000.0,0.0145646551940078,0.1655009873967707,31.64724408783777,0.0876504957063579,0.6367687888357196,0.6438834229290532,2.853470093628382,0.0603001790297743,0,82.0,147.7713964962825,30917.0,0.0,482687000000.0,145252000000.0,0.5972304193593488,0.7769512588946671,34690000000.0,90913.0,7072.0
PGB,2024,973967000000.0,6113271000000.0,43325745000000.0,73015115000000.0,5166050000000.0,41236482000000.0,182232000000.0,259971000000.0,618714000000.0,1837972000000.0,0.0133392517426015,0.1411001934300264,31.921687590438573,0.0707531584384959,0.5647663774822514,0.5933804938881491,2.5727631178624795,0.0424221672356701,0,91.0,124.63172864960906,30917.0,0.0,589146000000.0,166460000000.0,0.6048931842659967,0.7758024655866164,17904000000.0,96451.0,5538.0
PGB,2025,1126947000000.0,8696278000000.0,48460417000000.0,88840172000000.0,6545253000000.0,46340642000000.0,219548000000.0,259253000000.0,612980000000.0,2760555000000.0,0.0126851060126268,0.1794511590769018,32.117860051017736,0.0736744746509495,0.5216181031256896,0.5454786490057674,2.35599023423111,0.0569651515792775,0,91.0,102.43113892215338,30917.0,0.0,617186000000.0,237350000000.0,0.5476619574833599,0.7582752338841134,132714000000.0,115887.0,19436.0
SGB,2015,377440000000.0,1550120000000.0,13141759000000.0,17748745000000.0,3390944000000.0,11612018000000.0,17141000000.0,19033000000.0,182309000000.0,690537000000.0,0.0212657289290031,0.1179537685936867,30.50733592512496,0.1910526068181158,0.6542444550304825,0.7404331404840173,1.881524813344244,0.0525452490796703,0,89.0,501.44390490707934,,,223423000000.0,74295000000.0,0.5919430902924968,0.788782323018228,30864000000.0,,
SGB,2016,424858000000.0,1762354000000.0,14168928000000.0,19047890000000.0,3514845000000.0,12533642000000.0,62681000000.0,28315000000.0,238805000000.0,737979000000.0,0.0223047277152482,0.1243816045928104,30.57797745021193,0.1845267376071575,0.658006844852632,0.7438581386179781,2.6313261540420574,0.052084321410907,0,89.0,467.24335346329696,382618.0,15382.0,203473000000.0,84922000000.0,0.4789200156287512,0.6788032707398707,33836000000.0,46807.0,1893.0
SGB,2017,402234000000.0,1637729000000.0,14849499000000.0,21319355000000.0,3417240000000.0,14105444000000.0,25564000000.0,76918000000.0,317844000000.0,846645000000.0,0.0188670811100992,0.1102885019891916,30.69063646148525,0.1602881513066413,0.6616262077347087,0.6965266538316942,2.979884929535008,0.0570150548513454,0,89.0,417.4610348202373,405418.0,22800.0,231809000000.0,85502000000.0,0.5763038430366404,0.7888716518245599,37931000000.0,46807.0,0.0
SGB,2018,449103000000.0,1601305000000.0,14678435000000.0,20373555000000.0,3434871000000.0,13671099000000.0,33711000000.0,48994000000.0,218247000000.0,861754000000.0,0.0220434283560232,0.1090923521478958,30.645258852295115,0.1685945825360375,0.6710217730778943,0.7204650832905696,2.2013738617502514,0.0587088473669025,0,88.0,431.932473247796,431746.0,26328.0,286629000000.0,83569000000.0,0.6382255295555808,0.8243053375283621,42974000000.0,48256.0,1449.0
SGB,2019,486328000000.0,1737201000000.0,15667758000000.0,22812835000000.0,3561206000000.0,14556951000000.0,36211000000.0,28250000000.0,217844000000.0,907431000000.0,0.0213181746152988,0.110877446537022,30.758344432094944,0.1561053678773374,0.6381035500410186,0.6867957445885178,1.9393140775152709,0.0579170931795091,0,88.0,385.7477599781,461718.0,29972.0,290930000000.0,86969000000.0,0.5982176637989176,0.77704553305588,44031000000.0,50123.0,1867.0
SGB,2020,468663000000.0,1972117000000.0,18223634000000.0,23942788000000.0,3621309000000.0,15447550000000.0,19281000000.0,19017000000.0,184767000000.0,982462000000.0,0.0195742868374393,0.1082175487062569,30.806688267088884,0.1512484260396074,0.645185932398516,0.7611324963492138,1.4440153940268845,0.0539114207407809,0,88.0,367.5428275103133,461718.0,0.0,286415000000.0,88982000000.0,0.6111320927830872,0.8009955981163437,37571000000.0,50123.0,0.0
SGB,2021,573544000000.0,2325499000000.0,18105487000000.0,24608953000000.0,3709025000000.0,16502139000000.0,41534000000.0,106650000000.0,177101000000.0,944998000000.0,0.0233063145758375,0.1284416707487625,30.834131435745075,0.1507185210195655,0.6705746075422225,0.7357276435125054,1.9711687072809168,0.0521940116827567,0,88.0,357.5934335767962,468101.0,6383.0,362651000000.0,108694000000.0,0.6322984810232519,0.8218114041817193,27761000000.0,51928.0,1805.0
SGB,2022,568001000000.0,1879253000000.0,20499407000000.0,27698047000000.0,3899014000000.0,18714226000000.0,75807000000.0,87445000000.0,234350000000.0,1011307000000.0,0.0205068971108324,0.0916735298733275,30.952383021221056,0.1407685531041232,0.6756514638017619,0.7401029754913767,2.1245976189450744,0.0493334758415206,0,88.0,317.7119310975247,468101.0,0.0,359877000000.0,104640000000.0,0.6335851521388166,0.817810179911655,38205000000.0,57986.0,6058.0
SGB,2023,570437000000.0,1704344000000.0,23556779000000.0,31500625000000.0,4069112000000.0,19967377000000.0,136030000000.0,36058000000.0,232424000000.0,1637157000000.0,0.0181087518104799,0.072350468627311,31.081028502833146,0.1291755957223071,0.6338724072935061,0.747819416281423,2.025864488861006,0.0694983384612981,0,88.0,279.3595365171326,468101.0,0.0,358763000000.0,110392000000.0,0.6289265948737547,0.8224484035923336,39004000000.0,61748.0,3762.0
SGB,2024,630387000000.0,1906050000000.0,24413123000000.0,33260400000000.0,4089832000000.0,21834544000000.0,84378000000.0,96019000000.0,400744000000.0,1470867000000.0,0.0189530793375906,0.0780748124686874,31.135388616079226,0.1229640052434727,0.6564726822287165,0.7339996813026903,2.661566918915274,0.060249030818384,0,88.0,264.5788986302029,468101.0,0.0,375095000000.0,124918000000.0,0.5950233745302489,0.7931841868566452,33527000000.0,68363.0,6615.0
SGB,2025,683600000000.0,2565969000000.0,26326610000000.0,35377029000000.0,4194143000000.0,21972762000000.0,54756000000.0,108713000000.0,485961000000.0,1497071000000.0,0.0193232733025715,0.0974667456235345,31.197083827137565,0.1185555463122694,0.6211025239004666,0.744172440257773,2.955613864110484,0.056865316119318,0,88.0,248.7489834151986,468101.0,0.0,431858000000.0,136924000000.0,0.6317407840842598,0.83203920421299,37626000000.0,73932.0,5569.0
SHB,2015,2078640000000.0,20302228000000.0,148828876000000.0,204704140000000.0,11257762000000.0,131427193000000.0,181863000000.0,798176000000.0,1282637000000.0,8295644000000.0,0.0101543622908652,0.1364132320666051,32.952586833110374,0.0549952824598466,0.6420348557679391,0.7270438008728108,1.7216193607665349,0.0557394789435888,0,232.0,113.33429797755925,3629594.0,0.0,1217053000000.0,381651000000.0,0.5855044644575299,0.7691105722972713,97438000000.0,183424.0,4402.0
SHB,2016,2507759000000.0,19060924000000.0,166576217000000.0,240752689000000.0,13231573000000.0,162376185000000.0,263785000000.0,993341000000.0,1786854000000.0,10393205000000.0,0.0104163281017392,0.1144276436533554,33.114791335807126,0.054959190923097,0.6744522176448048,0.6918976385763235,1.8746468270577976,0.0623930906054854,0,285.0,118.3787401020472,3478880.0,-150714.0,1393682000000.0,413712000000.0,0.5557479805675106,0.7207207710150776,338065000000.0,207848.0,24424.0
SHB,2017,2896897000000.0,17752881000000.0,194889770000000.0,286010081000000.0,14691220000000.0,198290566000000.0,669686000000.0,1088771000000.0,2865240000000.0,13423554000000.0,0.010128653472183,0.0910919080052277,33.287048174378945,0.0513660915329764,0.6932992197572225,0.6814087437708184,2.331778608166361,0.0688776737742571,0,232.0,81.11602192091964,3486801.0,7921.0,1566067000000.0,408687000000.0,0.5406015471036768,0.6816790517577946,1456865000000.0,211811.0,3963.0
SHB,2018,3222791000000.0,18966115000000.0,225224141000000.0,323276008000000.0,16332532000000.0,216988881000000.0,339729000000.0,920954000000.0,3938122000000.0,17085464000000.0,0.0099691623264538,0.0842099559833597,33.40952758819392,0.0505219428470547,0.6712186355629584,0.6966930283301445,2.395885437097581,0.0758598253461648,0,254.0,78.57063119883614,4281049.0,794248.0,1836453000000.0,424756000000.0,0.569833104287557,0.7016306673315148,713942000000.0,219319.0,7508.0
SHB,2019,3951732000000.0,18908003000000.0,259236746000000.0,365254318000000.0,18507443000000.0,265161676000000.0,1069368000000.0,463560000000.0,3522820000000.0,19852265000000.0,0.0108191246626138,0.0729372023517067,33.53161498852918,0.0506700183623838,0.7259645209724803,0.7097431384781056,1.9066661805230103,0.0765796720809016,0,263.0,72.0046244600454,4280834.0,-215.0,2305011000000.0,504694000000.0,0.5832913264361045,0.7110059589061202,694106000000.0,278157.0,58838.0
SHB,2020,4299189000000.0,28131517000000.0,303581729000000.0,412679593000000.0,24036220000000.0,305637310000000.0,704066000000.0,1092911000000.0,3801808000000.0,21353921000000.0,0.0104177407192509,0.0926653823754986,33.65369260392393,0.0582442660303777,0.7406164859719633,0.735635427943247,1.8318395093845048,0.0703399413078644,0,263.0,63.729829257634265,4280840.0,6.0,2705535000000.0,446779000000.0,0.6293128773822225,0.7332345705201609,522749000000.0,314512.0,36355.0
SHB,2021,4405941000000.0,29861972000000.0,327196828000000.0,506604328000000.0,35531665000000.0,362416124000000.0,1479683000000.0,1601012000000.0,3031864000000.0,20035980000000.0,0.0086970062363936,0.0912660803667693,33.858751396689,0.070136915608822,0.7153830000441685,0.6458626780622372,1.686613424517503,0.0612352513392947,0,263.0,51.91428210617261,4347706.0,66866.0,3048550000000.0,458863000000.0,0.6919180261378898,0.7960644502502416,585623000000.0,373793.0,59281.0
SHB,2022,4391593000000.0,25701591000000.0,361675593000000.0,542428085000000.0,42904471000000.0,385633215000000.0,1611827000000.0,1898472000000.0,7342657000000.0,23223586000000.0,0.0080961755510871,0.0710625530100395,33.92707663034403,0.0790970677707442,0.7109388795751607,0.6667715094435053,2.814320856672058,0.0642110953834808,0,263.0,48.48569004313264,4347706.0,0.0,2790873000000.0,498674000000.0,0.6355035632855777,0.7490555249541567,890554000000.0,401253.0,27460.0
SHB,2023,5051539000000.0,43074214000000.0,447503426000000.0,630500685000000.0,50098280000000.0,438464147000000.0,761107000000.0,2493596000000.0,9984516000000.0,38304038000000.0,0.0080119484723478,0.0962544899041733,34.07753535777226,0.0794579311202492,0.6954221580266801,0.7097588260352168,3.0194530363733483,0.0855949603389181,0,288.0,45.677983680541125,4360370.0,12664.0,2945499000000.0,579886000000.0,0.5830894307655549,0.6978833579231992,544927000000.0,442555.0,41302.0
SHB,2024,5760231000000.0,37158355000000.0,499896571000000.0,747478069000000.0,58067344000000.0,519949991000000.0,1969398000000.0,2052495000000.0,11042821000000.0,29255227000000.0,0.0077062207426449,0.0743320861866844,34.24772608163256,0.0776843447429626,0.6956056807066001,0.6687775758675804,2.897339025052508,0.0585225598596874,0,293.0,39.19847446387086,4360370.0,0.0,3177593000000.0,623876000000.0,0.5516433281929145,0.6599507901679638,1283420000000.0,480604.0,38049.0
SHB,2025,6421520000000.0,45549546000000.0,572149573000000.0,892008709000000.0,68130938000000.0,614861980000000.0,1776951000000.0,4324234000000.0,8475768000000.0,37108172000000.0,0.0071989431663721,0.0796112557790897,34.42449701191381,0.0763792296113109,0.6893004225141484,0.641417025671663,2.3707683145410945,0.0648574669127647,0,293.0,32.847212930070164,4360370.0,0.0,3452569000000.0,689277000000.0,0.5376560378228208,0.6449946430128692,3205638000000.0,735970.0,255366.0
SSB,2015,967923000000.0,6236356000000.0,57018437000000.0,84756842000000.0,5768861000000.0,42805631000000.0,438473000000.0,29830000000.0,143135000000.0,3190529000000.0,0.0114199983996572,0.1093743765722655,32.070807590493914,0.0680636614563813,0.5050404190377928,0.6727296068912053,1.4284055291697488,0.0559560936403781,0,160.0,188.7753203452295,,,373381000000.0,246791000000.0,0.3857548585992894,0.6407245204422253,40503000000.0,,
SSB,2016,1119317000000.0,6875576000000.0,72130806000000.0,103364962000000.0,5879830000000.0,58988895000000.0,739728000000.0,21930000000.0,243043000000.0,4306583000000.0,0.0108287854834213,0.0953209367991812,32.26928716177649,0.0568841693184195,0.5706855965370548,0.6978264646389557,1.7032036284117549,0.0597051833858615,0,160.0,154.79133054777304,12802.0,0.0,436915000000.0,284106000000.0,0.3903407167049191,0.6441615735310015,44195000000.0,165980.0,22009.0
SSB,2017,1268553000000.0,5810770000000.0,80039516000000.0,125008960000000.0,6174605000000.0,70525510000000.0,203597000000.0,116282000000.0,274860000000.0,5398816000000.0,0.0101476966131067,0.0725987648401072,32.45940653066196,0.0493932994882926,0.5641636407502311,0.6402702334296677,0.8432962767656695,0.0674518821428155,0,162.0,129.59071093784,,,547997000000.0,311470000000.0,0.431985892587854,0.6775176125869397,65478000000.0,242951.0,68024.0
SSB,2018,1632860000000.0,5696931000000.0,84344557000000.0,140487190000000.0,8301505000000.0,83910159000000.0,355356000000.0,537625000000.0,372772000000.0,6322331000000.0,0.0116228390645438,0.0675435523361632,32.576137426168486,0.0590908324097022,0.5972797875735147,0.6003718702039667,1.5084621636815156,0.0749583757965555,0,162.0,115.31300469459173,396100.0,,791029000000.0,334558000000.0,0.4844438592408412,0.689334664331296,185851000000.0,274958.0,32007.0
SSB,2019,1988350000000.0,9774501000000.0,95727318000000.0,157398288000000.0,10925842000000.0,98613839000000.0,417278000000.0,757451000000.0,1105280000000.0,7313638000000.0,0.0126326024588018,0.102107749430523,32.68980057510556,0.0694152531061837,0.6265242160702535,0.6081852554838462,2.3120578441328097,0.0764007406955661,0,165.0,104.8296027209648,396100.0,0.0,1034888000000.0,340504000000.0,0.5204757713682199,0.6917252998717529,335486000000.0,300881.0,25923.0
SSB,2020,2177375000000.0,11094480000000.0,113276597000000.0,180207288000000.0,13670378000000.0,108869236000000.0,305721000000.0,380456000000.0,1334784000000.0,7634064000000.0,0.0120826134401401,0.0979415015442245,32.82512890423612,0.0758591850069903,0.6041333689012622,0.6285905429085643,1.8563196310112804,0.0673931262253579,0,173.0,96.00055686981982,377995.0,-18105.0,1177906000000.0,353709000000.0,0.5409752569033813,0.7034226993512831,356198000000.0,348815.0,47934.0
SSB,2021,2529414000000.0,8500025000000.0,109784637000000.0,211663515000000.0,18663264000000.0,127588159000000.0,345515000000.0,331680000000.0,1427414000000.0,6618395000000.0,0.0119501653367137,0.0774245398288286,32.9860189362785,0.0881742136806147,0.6027876793031619,0.518675299330638,1.649533167102129,0.0602852564881186,0,173.0,81.7335004570816,377995.0,0.0,1316617000000.0,413182000000.0,0.5205225400033368,0.68387341890256,1145887000000.0,371507.0,22691.0
SSB,2022,3403523000000.0,10755314000000.0,115547271000000.0,231423056000000.0,26232220000000.0,153955992000000.0,453553000000.0,219567000000.0,1786985000000.0,8143873000000.0,0.0147069313612382,0.0930815060097784,33.07526856271691,0.1133518001767291,0.6652577952302211,0.4992902306155701,1.5979274129194012,0.070480877042955,0,181.0,78.21174049313393,384373.0,6378.0,1800099000000.0,568183000000.0,0.528892856020071,0.6958325241227986,1367317000000.0,456580.0,85073.0
SSB,2023,3607148000000.0,15794593000000.0,144840006000000.0,266121915000000.0,30296839000000.0,179751893000000.0,383457000000.0,864311000000.0,2235229000000.0,12647771000000.0,0.0135544943752565,0.1090485525111066,33.21497564677815,0.1138457124059099,0.6754494194888083,0.544261850813752,1.937669162683032,0.0873223589896841,0,181.0,68.0139401522043,384373.0,0.0,1856595000000.0,671177000000.0,0.514698870132304,0.7007674761334993,1307857000000.0,558122.0,101542.0
SSB,2024,4130218000000.0,31560724000000.0,168320164000000.0,325698848000000.0,35002855000000.0,209354643000000.0,202862000000.0,695091000000.0,3061403000000.0,10750195000000.0,0.0126810948990522,0.1875041186390479,33.416994291207246,0.1074699994026383,0.6427859486933156,0.5167969276943835,1.8912195799736813,0.0638675411461695,0,181.0,55.57280939476949,540735.0,156362.0,2113460000000.0,774028000000.0,0.5117066459930202,0.6991127344852015,1111695000000.0,609020.0,50898.0
SSB,2025,4659453000000.0,26113574000000.0,191807215000000.0,396443131000000.0,40372594000000.0,237047100000000.0,325473000000.0,573164000000.0,3975433000000.0,14866059000000.0,0.0117531434792346,0.136144899450211,33.6135537192262,0.1018370375043778,0.5979346883929236,0.4838202506275736,2.056160990790438,0.0775052127210126,0,181.0,45.655980857441065,534357.0,-6378.0,2699925000000.0,847813000000.0,0.579451064320211,0.7614065427851724,725284000000.0,795340.0,186322.0
STB,2015,5154547000000.0,33215714000000.0,260994745000000.0,292032736000000.0,22080495000000.0,185916813000000.0,1776909000000.0,1140028000000.0,7861476000000.0,9317743000000.0,0.0176505794199729,0.1272658344136392,33.30788702150206,0.0756096569940707,0.6366300420511761,0.8937174255697142,5.797438556565618,0.0357008835561037,0,552.0,189.01990494654683,3350406.0,1036868.0,2858094000000.0,1080196000000.0,0.554480151214064,0.7640419225976599,1171263000000.0,738349.0,183933.0
STB,2016,5678323000000.0,38584839000000.0,291653101000000.0,332023043000000.0,22191934000000.0,198859665000000.0,2613243000000.0,2621783000000.0,8510318000000.0,13847705000000.0,0.0171021955244232,0.1322970298196829,33.43622548906301,0.0668385356615143,0.5989333246367482,0.8784122281536948,6.912082447689932,0.0474800540522968,0,552.0,166.25352114491645,3394954.0,44548.0,3110710000000.0,1210993000000.0,0.5478219537705058,0.7610879127517051,1430044000000.0,801302.0,62953.0
STB,2017,6336893000000.0,44370773000000.0,319859587000000.0,368468840000000.0,23236292000000.0,222946630000000.0,1474519000000.0,627133000000.0,8303036000000.0,16256169000000.0,0.0171979074268532,0.1387195344562237,33.54037726495956,0.0630617557783176,0.6050623710813647,0.8680777104517169,4.666896288138556,0.050822828705772,0,552.0,149.80913989904818,3605617.0,210663.0,4108589000000.0,1273795000000.0,0.6483601664096269,0.8493727130945717,2623831000000.0,859674.0,58372.0
STB,2018,7837830000000.0,51792625000000.0,349388922000000.0,406040598000000.0,24632367000000.0,256622753000000.0,193601000000.0,311452000000.0,4957452000000.0,18661777000000.0,0.0193030697881102,0.1482377423517738,33.637474265605,0.0606647884997943,0.6320125481639647,0.8604778037490725,2.128612890377651,0.0534126179306852,0,552.0,135.94699710298428,3613144.0,7527.0,4832476000000.0,1385383000000.0,0.61655789931652,0.7933138381414243,2682144000000.0,959957.0,100283.0
STB,2019,9265703000000.0,67193213000000.0,400844380000000.0,453581057000000.0,26741640000000.0,296029774000000.0,298378000000.0,412614000000.0,5022334000000.0,21296283000000.0,0.0204278879309547,0.1676291756915738,33.748195106006214,0.0589566949221162,0.6526502141821148,0.8837326290722939,1.936739647005912,0.0531285557751863,0,557.0,122.80054279250908,3446524.0,-166620.0,5465357000000.0,1609952000000.0,0.5898480665741175,0.7636019630674542,3322990000000.0,1230582.0,270625.0
STB,2020,10894615000000.0,80033109000000.0,427971850000000.0,492516029000000.0,28956242000000.0,340268127000000.0,277382000000.0,958159000000.0,4544718000000.0,22061113000000.0,0.0221203257528903,0.1870055448740378,33.83054812220397,0.0587924865283927,0.6908772648290803,0.8689500946171236,1.6987365378479895,0.0515480469100946,0,552.0,112.07757057588069,3485837.0,39313.0,5767650000000.0,1771305000000.0,0.5294037467133992,0.6919891157236855,3744015000000.0,1611305.0,380723.0
STB,2021,9749916000000.0,95975596000000.0,427386772000000.0,521117123000000.0,34261336000000.0,387929596000000.0,551582000000.0,752821000000.0,4527526000000.0,17726249000000.0,0.0187096442808692,0.2245637962795909,33.88699593663988,0.0657459417237379,0.7444192080404927,0.8201357298328499,1.5033472723230945,0.0414758952811014,0,552.0,105.92628329351597,3366121.0,-119716.0,6025532000000.0,1895015000000.0,0.618008606433122,0.8123707937586334,4342519000000.0,1790062.0,178757.0
STB,2022,10920717000000.0,85825175000000.0,454740496000000.0,591907695000000.0,38626996000000.0,438627777000000.0,560727000000.0,731065000000.0,3007042000000.0,20243714000000.0,0.0184500338350897,0.1887344007295097,34.014371818047564,0.0652584791958144,0.741040842525286,0.7682625176886744,0.9800642424886832,0.0445170689174777,0,552.0,93.2577840536437,2618285.0,-747836.0,6882923000000.0,2039743000000.0,0.6302629213814441,0.817040309715928,5194080000000.0,1903229.0,113167.0
STB,2023,12889906000000.0,93252953000000.0,510744394000000.0,674389660000000.0,45733864000000.0,482731122000000.0,1490299000000.0,4593502000000.0,4900265000000.0,33854996000000.0,0.0191134395506597,0.1825824308509199,34.14482919035156,0.067815191591164,0.7158044534668577,0.7573431567737856,2.2754004246695327,0.0662855949036613,0,552.0,81.85178877149451,2615561.0,-2724.0,6869829000000.0,2725472000000.0,0.5329619160915525,0.7444042648565474,2617903000000.0,2143860.0,240631.0
STB,2024,13982389000000.0,101706340000000.0,566881814000000.0,748094546000000.0,54972070000000.0,539314658000000.0,1459877000000.0,2627546000000.0,8869767000000.0,25457023000000.0,0.0186906709516366,0.1794136581703783,34.248550484311146,0.0734827840864916,0.7209177782189045,0.7577676070906685,2.4025288035097314,0.0449071082742478,0,546.0,72.9854271655123,2615257.0,-304.0,7419160000000.0,2728479000000.0,0.5306074662920621,0.7257442916228407,2978425000000.0,2387927.0,244067.0
STB,2025,13044879000000.0,92346455000000.0,618341672000000.0,917119803000000.0,59866744000000.0,626392336000000.0,6920385000000.0,3310299000000.0,29906074000000.0,30800235000000.0,0.0142237458588602,0.149345352548065,34.45225922632542,0.0652769069037319,0.682999466319451,0.674221263107978,6.407606813375827,0.049811029071319,0,535.0,58.33479969028649,2606534.0,-8723.0,6985596000000.0,2742993000000.0,0.5355048521339293,0.7457784008575319,3078530000000.0,2511858.0,123931.0
TCB,2015,3678848000000.0,26787141000000.0,142239546000000.0,191993602000000.0,16457566000000.0,112179889000000.0,309301000000.0,537739000000.0,1016666000000.0,6165707000000.0,0.0191613051772423,0.1883241458040087,32.88848316448444,0.0857193460019568,0.5842897254461635,0.7408556562212943,1.661354826264804,0.0433473472981979,0,312.0,162.50541515440707,22250.0,-862.0,1898079000000.0,945561000000.0,0.5159438498138548,0.7729702341602589,1272138000000.0,642073.0,45006.0
TCB,2016,4175422000000.0,35826887000000.0,173448929000000.0,235363136000000.0,19586476000000.0,142616004000000.0,396736000000.0,474551000000.0,1375017000000.0,7593856000000.0,0.0177403397616184,0.206555827162242,33.092150696962115,0.0832181127974093,0.6059402777502081,0.7369417825907962,1.575071476550416,0.0437815098875588,0,312.0,132.5611161129328,615768.0,593518.0,2315874000000.0,962776000000.0,0.5546442970315336,0.7852260202681309,1955764000000.0,802879.0,161042.0
TCB,2017,4812465000000.0,38234560000000.0,170970833000000.0,269392380000000.0,26930745000000.0,160849037000000.0,575397000000.0,455567000000.0,1552962000000.0,8664092000000.0,0.017864146714172,0.2236320624348832,33.22719009442683,0.0999684734957982,0.5970808714040092,0.6346535599856239,1.606429263235191,0.0506758483185257,0,312.0,115.81619346471491,616223.0,455.0,2594878000000.0,993216000000.0,0.5391993500212469,0.7455833964506755,3926084000000.0,828990.0,26111.0
TCB,2018,5842507000000.0,54612613000000.0,201414532000000.0,320988941000000.0,51782705000000.0,159939217000000.0,237758000000.0,862510000000.0,1703181000000.0,10023687000000.0,0.0182015834620296,0.2711453461560559,33.402427786751694,0.1613223958391763,0.4982701787224501,0.6274812190492257,1.7528215109368706,0.0497664537929169,0,314.0,97.8226848008449,647826.0,31603.0,3239958000000.0,1020053000000.0,0.5545492714001027,0.7291409321375225,3272580000000.0,887850.0,58860.0
TCB,2019,7312509000000.0,76053396000000.0,231296761000000.0,383699461000000.0,62072767000000.0,230802027000000.0,218128000000.0,305230000000.0,2554518000000.0,10758497000000.0,0.0190579079286222,0.3288130610700597,33.58088070843718,0.1617744440876345,0.6015177253532811,0.6028071042820673,1.3335567455826547,0.0465138247223444,0,311.0,81.05301977476586,2064499.0,1416673.0,4261656000000.0,990530000000.0,0.5827898468227526,0.7182467741236285,3253353000000.0,1016803.0,128953.0
TCB,2020,8967357000000.0,122972489000000.0,277458651000000.0,439602933000000.0,74614786000000.0,277524615000000.0,416892000000.0,533944000000.0,344356000000.0,10250703000000.0,0.0203987651738438,0.4432101452118716,33.71689301041028,0.1697322296982945,0.6313074690063544,0.6311574154124218,0.4666944587960243,0.0369449752712882,0,309.0,70.29070481656682,2622454.0,557955.0,5151106000000.0,1294866000000.0,0.5744285635109654,0.7188262940797383,4524940000000.0,1296198.0,279395.0
TCB,2021,11173395000000.0,147861145000000.0,314752525000000.0,568728950000000.0,93041472000000.0,347341244000000.0,678516000000.0,860243000000.0,755115000000.0,8804638000000.0,0.0196462567977241,0.4697695276630426,33.97442507451977,0.163595456148311,0.6107324833736704,0.5534315160147906,0.6604093350918039,0.0279732084754522,0,307.0,53.98001983194279,2622527.0,73.0,6356228000000.0,1614414000000.0,0.5688716813466275,0.7133590103992564,6382240000000.0,1906692.0,610494.0
TCB,2022,13023129000000.0,123079324000000.0,358403785000000.0,699032544000000.0,113424966000000.0,420523705000000.0,901592000000.0,1131097000000.0,999926000000.0,14462861000000.0,0.0186302184523185,0.3434096657210246,34.18071841501848,0.1622599219071551,0.601579581107457,0.5127140189341457,0.7211519740605349,0.0403535386770538,0,300.0,42.91645683380372,2635698.0,13171.0,6515485000000.0,2415899000000.0,0.500301041324247,0.6858093780688189,8152605000000.0,3265918.0,1359226.0
TCB,2023,13251796000000.0,172755713000000.0,454660779000000.0,849482012000000.0,131616065000000.0,518641568000000.0,1856801000000.0,2762221000000.0,1380121000000.0,29016639000000.0,0.0155998547500732,0.3799661659401679,34.375647882007634,0.1549368475621117,0.6105386113814497,0.5352211966555449,1.1567030816935986,0.0638204136803275,0,301.0,35.433357710698644,2639010.0,3312.0,6573569000000.0,3172030000000.0,0.496051176761248,0.7354172219373133,8714897000000.0,4547852.0,1281934.0
TCB,2024,15369735000000.0,191719796000000.0,533392350000000.0,978798549000000.0,147939621000000.0,631724964000000.0,1365655000000.0,2465618000000.0,3269527000000.0,24581499000000.0,0.0157026540504199,0.359434843788067,34.517346965068505,0.1511440951267695,0.6454085620022716,0.5449459958281977,1.1240334646645371,0.0460852110083693,0,299.0,30.54765460221376,1960988.0,-678022.0,6894019000000.0,3884925000000.0,0.4485450790140494,0.7013096842593578,8042248000000.0,6514231.0,1966379.0
TCB,2025,16432434000000.0,213415080000000.0,618911535000000.0,1192344137000000.0,179501442000000.0,767617129000000.0,918063000000.0,1339119000000.0,5941193000000.0,29862359000000.0,0.0137816201632398,0.3448232387525303,34.714697627423334,0.1505449948801148,0.6437882362816533,0.5190712276719149,1.0680291893277956,0.048249801968871,0,302.0,25.32825806145596,1962950.0,1962.0,7109261000000.0,4342203000000.0,0.4326359077419693,0.6968817887843031,8771995000000.0,7561174.0,1046943.0
TPB,2015,794793000000.0,4979669000000.0,39505447000000.0,76220834000000.0,4798665000000.0,28240322000000.0,37704000000.0,68066000000.0,122010000000.0,1918454000000.0,0.0104275033254031,0.1260501874589597,31.96465595332437,0.0629573929878542,0.3705065992849147,0.5183024761969935,0.8065772054582097,0.0485617590910944,0,43.0,56.41502164618141,,,345126000000.0,137027000000.0,0.4342338193718364,0.6066397162531628,68383000000.0,81705.0,22327.0
TPB,2016,1330576000000.0,7460570000000.0,55082028000000.0,106311115000000.0,5681486000000.0,46642977000000.0,81831000000.0,79322000000.0,188720000000.0,3052861000000.0,0.0125158691073835,0.1354447225508835,32.297390958368965,0.0534420695333691,0.4387403612500913,0.5181210638229126,0.7501086390776472,0.055423903419097,0,54.0,50.79431252320136,,,582714000000.0,200233000000.0,0.4379411623236854,0.588427117278532,86118000000.0,103947.0,22242.0
TPB,2017,1941603000000.0,11409904000000.0,70298586000000.0,124118747000000.0,6676717000000.0,63422643000000.0,254740000000.0,153408000000.0,286408000000.0,4152181000000.0,0.0156431082888711,0.1623063086930368,32.45225986038849,0.0537929777844115,0.5109835905771752,0.5663816925254651,1.0951230777310872,0.0590649291295844,0,62.0,49.9521639547328,,,961525000000.0,284843000000.0,0.4952222467723834,0.6419273146982158,165063000000.0,162708.0,58761.0
TPB,2018,2846688000000.0,13825712000000.0,76138062000000.0,136179403000000.0,10621685000000.0,77185148000000.0,295942000000.0,242441000000.0,322951000000.0,4996062000000.0,0.0209039541758014,0.1815873905485012,32.544994272070106,0.077997735090673,0.5667901775131148,0.5591011586385057,1.1159323034529909,0.0656184550639074,0,64.0,46.99682814735206,,,1509599000000.0,352708000000.0,0.5303001242145258,0.6542013034094358,676185000000.0,212497.0,49789.0
TPB,2019,3303325000000.0,14340219000000.0,92439495000000.0,164438534000000.0,13074679000000.0,95643700000000.0,480956000000.0,305467000000.0,448612000000.0,6217441000000.0,0.0200885091811874,0.155130866952486,32.733557962812675,0.0795110408853438,0.5816379997647023,0.5621522690052686,1.2912873508657652,0.0672595734106942,0,75.0,45.60974740871869,,,1816921000000.0,480184000000.0,0.5500279264074833,0.6953917643586387,1173945000000.0,370895.0,158398.0
TPB,2020,4197293000000.0,21201387000000.0,115903526000000.0,206314594000000.0,16744398000000.0,119990991000000.0,661225000000.0,330799000000.0,428425000000.0,7209178000000.0,0.0203441400757136,0.1829227093574357,32.96042327514208,0.0811595422086331,0.5815923569614275,0.5617805495620926,1.1837963735127417,0.0621998160780716,0,85.0,41.19921831608286,,,2254907000000.0,702215000000.0,0.5372288758492676,0.7045307535118468,937033000000.0,483915.0,113020.0
TPB,2021,4570696000000.0,30774996000000.0,139562262000000.0,292827078000000.0,25987070000000.0,141227857000000.0,510516000000.0,348890000000.0,297430000000.0,7480768000000.0,0.0156088570470248,0.2205108713414232,33.310603373247936,0.0887454472362695,0.4822909751536024,0.4766029936616722,0.8191273482256407,0.0536016534326449,0,120.0,40.97981676407672,,,2537952000000.0,816441000000.0,0.5552659813735151,0.7338910747947358,1542466000000.0,620296.0,136381.0
TPB,2022,5945257000000.0,32525186000000.0,194959921000000.0,328634007000000.0,32239052000000.0,160992963000000.0,385026000000.0,467003000000.0,505421000000.0,10424418000000.0,0.0180908149289613,0.1668301147906189,33.42596580674297,0.0981001701385091,0.4898852814097233,0.5932432945078626,0.8431734994528922,0.0534695436196858,0,124.0,37.73194415634533,,,3201585000000.0,1023737000000.0,0.5385107826289091,0.7107046844232301,2691980000000.0,750811.0,130515.0
TPB,2023,6701533000000.0,44038415000000.0,208261560000000.0,356633972000000.0,32742917000000.0,205262092000000.0,1659094000000.0,1426187000000.0,1115066000000.0,16134589000000.0,0.0187910673860313,0.2114572415572033,33.50773108322497,0.0918109870923906,0.5755539519942312,0.5839644463259378,2.046333523678596,0.0774727174808447,0,132.0,37.01273865182984,,,3787673000000.0,1137440000000.0,0.5651950083659962,0.7349233376900479,2279248000000.0,886455.0,135644.0
TPB,2024,6278857000000.0,50724387000000.0,242805789000000.0,418028391000000.0,37594469000000.0,250331368000000.0,1502788000000.0,1188627000000.0,1111841000000.0,13041982000000.0,0.015020168809539,0.2089092982869531,33.666570467199406,0.0899328127213254,0.5988381970926946,0.5808356423332022,1.519288625467025,0.0537136369512178,0,140.0,33.49054825321661,,,3506951000000.0,1159277000000.0,0.5585333445243298,0.743165197105142,3363610000000.0,1027747.0,141292.0
TPB,2025,6573410000000.0,55597578000000.0,279050251000000.0,505901570000000.0,46048761000000.0,305816635000000.0,1157611000000.0,1406408000000.0,1373983000000.0,17379406000000.0,0.0129934564148516,0.1992385880348124,33.857363240601735,0.0910231628654562,0.604498292029416,0.55159000791399,1.287700389483391,0.0622805603568512,0,140.0,27.673367370652755,,,3668694000000.0,1235329000000.0,0.5581112390676986,0.746039422461097,4157757000000.0,1203852.0,176105.0
VAB,2015,438876506250.0,897958032317.0,24439799870488.0,41878178654095.0,3919558032258.0,20267711996409.0,9736187288.0,71959903858.0,377084396022.0,1768795035366.0,0.0104798374799207,0.036741627880567,31.365786011350394,0.0935942812755237,0.4839683254569417,0.5835927123850261,2.26360275520634,0.0723735482589564,0,83.0,198.193910689294,123326.0,19026.0,233806950789.0,88668581536.0,0.5327397285099036,0.7347751081059377,-4021753747.0,94525.0,21245.0
VAB,2016,485257225366.0,1725172042000.0,32189715999129.0,61465192184379.0,4017651771734.0,30415689594862.0,309791704057.0,7253711894.0,333980384333.0,2307664980223.0,0.0078948297096405,0.053593888248243,31.74949214977165,0.0653646662273848,0.4948441307012127,0.5237064239963414,2.1404275522129708,0.071689510410264,0,91.0,148.05127384459246,112002.0,-11324.0,249168954660.0,96762577801.0,0.5134780929270389,0.7128828060212496,-4272904109.0,94525.0,0.0
VAB,2017,558703451758.0,807058490380.0,34402402943369.0,64434160341812.0,4116453259271.0,34226235570361.0,17919573008.0,22724257699.0,875079866035.0,2986215394763.0,0.0086709200336308,0.0234593639202624,31.79666504849549,0.0638861938672581,0.5311815252778461,0.5339155932330032,2.6755022323722684,0.0868025236399537,0,90.0,139.67746226933923,112002.0,0.0,246239948861.0,117372297413.0,0.4407346116910295,0.6508143902277108,-7000272670.0,94584.0,59.0
VAB,2018,564180912736.0,,41367098156574.0,71291315719869.0,4234868909320.0,37916118452171.0,,,,3134387962456.0,0.0079137396615442,,31.89779563677036,0.0594023110186439,0.5318476460885925,0.5802543793569646,,0.0757700709533063,0,90.0,126.24258521703348,112002.0,0.0,,,,,-7478852442.0,94584.0,0.0
VAB,2019,601331722462.0,,47428710471366.0,76446763638805.0,4442266453212.0,42623753622624.0,,,,3899112159152.0,0.0078660193556808,,31.967615714363795,0.0581092807826474,0.5575612569292316,0.6204148902294512,,0.0822099551179237,0,97.0,126.88568538794492,,,,,,,-13144042978.0,,
VAB,2020,616682423678.0,2395939738749.0,59271859700279.0,86529349853461.0,5723927655972.0,48378542968777.0,148559266976.0,507116969257.0,456164945758.0,4477575756332.0,0.0071268583980159,0.0404228878740196,32.09150477697986,0.0661501290101633,0.5590998089169389,0.6849913907900262,2.298211384143112,0.0755430279895692,0,97.0,112.10069203602156,112002.0,0.0,289529461763.0,107899995645.0,0.4694952387911374,0.6444637339226605,16500679295.0,113053.0,14869.0
VAB,2021,661502856039.0,7965921536741.0,67690998877873.0,101033268773690.0,6377817280054.0,54458731509641.0,111288950332.0,5767026617.0,910900708977.0,3928520601440.0,0.0065473765628699,0.1176806616654156,32.24647097233049,0.0631259124589943,0.5390178123567012,0.6699872200462781,1.8875883764277863,0.0580360855440731,0,97.0,96.00797952729376,112002.0,0.0,311201482112.0,121912100684.0,0.4704461655319786,0.654741818333835,40814909584.0,114495.0,1442.0
VAB,2022,816418234131.0,2835205934885.0,70208558474916.0,105147556309591.0,7261906213475.0,62508119103848.0,14356843340.0,30320191103.0,912678456645.0,4307488902233.0,0.0077645003154156,0.0403826256580664,32.286385777765275,0.0690639561046328,0.5944799983729754,0.6677145997401743,1.5315698261492965,0.0613527609140696,0,97.0,92.25131177979851,112002.0,0.0,347398211229.0,137231284829.0,0.4255150077567444,0.593604449040561,72798979767.0,128623.0,14128.0
VAB,2023,909264656851.0,4278845350297.0,86694868216940.0,112195863808294.0,7997093587052.0,69059040694653.0,574538761786.0,21877152309.0,503722486750.0,7042014774515.0,0.0081042618327234,0.0493552321873294,32.351267243883925,0.0712779715366015,0.6155221623201038,0.7727100204431168,1.5930403749876878,0.081227584969545,0,97.0,86.45595007472043,112002.0,0.0,397303492993.0,160314955957.0,0.4369503312368443,0.6132630854488125,76586075240.0,131216.0,2593.0
VAB,2024,1021123000621.0,3626078794832.0,90289420877823.0,119832036692527.0,8856677552392.0,79915536116174.0,13995368819.0,558088521305.0,518959298529.0,4961857966406.0,0.0085212855326916,0.040160616377623,32.417112183994654,0.0739090964056386,0.6668962518030682,0.7534664633089195,1.3652454099374869,0.0549550314772783,0,97.0,80.94663386961288,112002.0,0.0,456966498978.0,156557610429.0,0.4475136675014606,0.6008327194998868,128629255624.0,134150.0,2934.0
VAB,2025,972513582449.0,6015477499751.0,99079937892602.0,140485531667485.0,10155027138318.0,88741515803254.0,505799534667.0,5898436855.0,652143922956.0,6173924445883.0,0.0069225177205496,0.0607133757620185,32.576125621944186,0.0722852169741857,0.6316772606398797,0.7052679141871646,1.311496523293919,0.0623125586995749,0,97.0,69.04625611524833,116566.0,4564.0,496626606137.0,167209118688.0,0.5106628998295186,0.6825978956029773,163597969514.0,136826.0,2676.0
VBB,2015,438216000000.0,,25994883000000.0,33030704000000.0,2750679000000.0,22046389000000.0,,,,1353946000000.0,0.0132669288550434,,31.12845866906112,0.0832764266846991,0.6674513809938777,0.7869914913106303,,0.0520850969015709,0,,,,,,,,,2727000000.0,,
VBB,2016,573743000000.0,1550332000000.0,30182134000000.0,36698310000000.0,3066820000000.0,26312741000000.0,82088000000.0,103518000000.0,260331000000.0,1656034000000.0,0.015634044183506,0.051365884201561,31.23375182088246,0.0835684259029911,0.7170014368509068,0.8224393439370914,1.6947569240315936,0.05486802225449,0,,,,,253890000000.0,141143000000.0,0.4425152027998598,0.6885190756139944,2752000000.0,,
VBB,2017,799283000000.0,1582115000000.0,31302611000000.0,41533542000000.0,3329275000000.0,28713347000000.0,30162000000.0,71724000000.0,285538000000.0,1879777000000.0,0.0192442773120578,0.0505425889233329,31.35752245767822,0.0801587064257606,0.6913291190045867,0.7536706356515416,1.3492819210522549,0.0600517637330636,0,,,,,418386000000.0,147210000000.0,0.5234516435355188,0.7076292126818661,16769000000.0,56862.0,5695.0
VBB,2018,872878000000.0,1566745000000.0,39855470000000.0,51672039000000.0,4506780000000.0,35495274000000.0,40597000000.0,34425000000.0,368613000000.0,2396937000000.0,0.0168926563939154,0.0393106642576288,31.57593791941924,0.0872189309192927,0.6869338753982593,0.7713159916139558,1.2498424438137878,0.0601407284872064,0,,,,,413924000000.0,160702000000.0,0.4742060173357559,0.6583119290439213,15177000000.0,73504.0,16642.0
VBB,2019,1076884000000.0,2398769000000.0,49446570000000.0,68928115000000.0,5018384000000.0,40918793000000.0,87241000000.0,98219000000.0,353590000000.0,3384416000000.0,0.0156232910184762,0.0485123437277853,31.86408526586869,0.0728060530887867,0.5936444511793192,0.7173643149823552,1.317365348484253,0.0684459205158214,0,,,,,566719000000.0,220110000000.0,0.5262581670820627,0.7306534408534252,48291000000.0,217390.0,143886.0
VBB,2020,1252588000000.0,2379943000000.0,64537150000000.0,91505109000000.0,5277750000000.0,44801916000000.0,94334000000.0,91316000000.0,599085000000.0,4506045000000.0,0.0136887220144177,0.0368771010185606,32.147415922716824,0.0576771074061012,0.4896110882726777,0.7052846633951335,1.751565714287755,0.0698209480895887,0,,,,,626023000000.0,328952000000.0,0.4997836479353147,0.7624015238849486,62505000000.0,317577.0,100187.0
VBB,2021,1142313000000.0,3091184000000.0,66755406000000.0,103377281000000.0,5744166000000.0,50530156000000.0,331042000000.0,592140000000.0,921869000000.0,4600290000000.0,0.0110499423949832,0.0463061223835564,32.26940633432522,0.0555650714009396,0.4887936257483886,0.6457454225363114,3.6513859169562033,0.068912621099181,0,,,,,619975000000.0,316566000000.0,0.542736535432933,0.8198637326196936,94808000000.0,325628.0,8051.0
VBB,2022,1367537000000.0,5181225000000.0,75988224000000.0,111306635000000.0,6266793000000.0,63632966000000.0,182284000000.0,327442000000.0,1814563000000.0,5306548000000.0,0.0122862127671005,0.0681845781788504,32.343309986090006,0.0563020614179918,0.5716906813326986,0.6826926714656318,3.652649163014026,0.0698338205667236,0,,,,,666188000000.0,350666000000.0,0.4871444063305051,0.7435659876113041,121714000000.0,325628.0,0.0
VBB,2023,1469723000000.0,7411858000000.0,89995715000000.0,138258073000000.0,6895659000000.0,80754430000000.0,397017000000.0,251044000000.0,1423071000000.0,7761017000000.0,0.0106302870285194,0.0823578989288545,32.5601431488395,0.049875272021186,0.5840847355076328,0.6509255701835219,2.564728647084748,0.0862376280915152,0,,,,,666384000000.0,422160000000.0,0.4534078870644332,0.7406456862959891,103348000000.0,339379.0,13751.0
VBB,2024,1565226000000.0,4596959000000.0,94841470000000.0,162855332000000.0,8701053000000.0,93637036000000.0,583717000000.0,496483000000.0,1498070000000.0,6910284000000.0,0.0096111437112786,0.0484699256559393,32.72388338890171,0.0534281125041702,0.5749706494104841,0.5823663790142284,2.753472461473471,0.0728614181117184,0,,,,,759118000000.0,409192000000.0,0.4849893881139209,0.7464161724888291,136726000000.0,341969.0,2590.0
VBB,2025,1728781000000.0,4444077000000.0,101449573000000.0,196771033000000.0,12431567000000.0,105235063000000.0,589361000000.0,329790000000.0,2151402000000.0,8653813000000.0,0.0087857494756354,0.0438057733372618,32.913061899672535,0.0631778306515268,0.5348097298447378,0.5155716847814689,2.9178041162953456,0.0853016207372307,0,30.0,15.246146519950424,,,841956000000.0,444221000000.0,0.4870229369711953,0.7439791390580993,160433000000.0,346318.0,4349.0
VCB,2015,8306249000000.0,141125744000000.0,501162550000000.0,674394640000000.0,45172342000000.0,387722937000000.0,796645000000.0,750489000000.0,5590129000000.0,15907697000000.0,0.0123165999658597,0.2815967474026142,34.14483657477916,0.0669820596438904,0.5749199563626425,0.7431294975891267,1.8408152623686536,0.0317415916253119,1,95.0,14.086707450699787,1637129.0,53291.0,4283737000000.0,1820583000000.0,0.5157246068592454,0.7349069357299547,1872648000000.0,477772.0,2599.0
VCB,2016,9939012000000.0,159627676000000.0,590451344000000.0,787935088000000.0,48145556000000.0,460808440000000.0,1359507000000.0,1347185000000.0,4215679000000.0,19185461000000.0,0.0126139984769912,0.2703485691447592,34.30043682675885,0.0611034547556536,0.5848304600441908,0.7493654654963151,1.5022231363644294,0.0324928737904608,1,101.0,12.818314800063837,1879909.0,242780.0,5357363000000.0,1976666000000.0,0.5390236977277018,0.7379032241836513,2106705000000.0,541970.0,64198.0
VCB,2017,11866345000000.0,201004132000000.0,708519717000000.0,1035293283000000.0,52557959000000.0,543434460000000.0,684223000000.0,3584263000000.0,1940203000000.0,24221222000000.0,0.0114618197518045,0.2836958904278454,34.57346114670507,0.0507662513251329,0.5249087084050945,0.6843661874699906,1.1424908534508469,0.0341856710813313,1,101.0,9.755689683152324,1915710.0,-48578.0,6733373000000.0,2051907000000.0,0.5674344543328211,0.7403526528176958,2538209000000.0,590462.0,48492.0
VCB,2018,13611094000000.0,226842211000000.0,801929115000000.0,1074026560000000.0,62179379000000.0,631866758000000.0,291788000000.0,1160507000000.0,4770698000000.0,27455435000000.0,0.0126729584787921,0.2828706512295666,34.61019112067296,0.0578937070234091,0.5883157656734299,0.7466566888252745,0.984858424851652,0.0342367354999949,1,106.0,9.869402112364892,2069536.0,153826.0,7677596000000.0,2340006000000.0,0.5640689866663179,0.7359880109563567,3402492000000.0,602318.0,11856.0
VCB,2019,15874542000000.0,262977124000000.0,928450869000000.0,1222813692000000.0,80954337000000.0,734706891000000.0,686839000000.0,153248000000.0,4529841000000.0,33127768000000.0,0.0129819792694961,0.2832429079238656,34.73993090313475,0.0662033288714598,0.6008330588761513,0.7592741846727703,0.7308939205253759,0.0356806903909527,1,111.0,9.077425345021409,2180059.0,110523.0,8668273000000.0,2701784000000.0,0.5460486986018243,0.7162447269344842,4309446000000.0,827249.0,224931.0
VCB,2020,16038250000000.0,307026182000000.0,1032113567000000.0,1326230092000000.0,94094979000000.0,839788261000000.0,668690000000.0,223292000000.0,4337587000000.0,32919659000000.0,0.0120931127236102,0.297473254704344,34.8211167949995,0.0709492112775857,0.6332146028549019,0.7782311479929834,0.6227247084607676,0.0318953844349572,1,116.0,8.746596891423875,2502661.0,322602.0,8603051000000.0,2902528000000.0,0.5364083363209826,0.717383692111047,6607317000000.0,1664031.0,836782.0
VCB,2021,17665925000000.0,367149083000000.0,1135323913000000.0,1414986259000000.0,109186429000000.0,960749955000000.0,737811000000.0,965987000000.0,4417330000000.0,28349385000000.0,0.0124848738902135,0.3233870781685896,34.88589621500467,0.0771643034026099,0.6789818267768776,0.8023568467741565,0.6371197800368359,0.0249703055448634,1,116.0,8.19795946866506,2504743.0,2082.0,9586008000000.0,3463858000000.0,0.5426270065111224,0.7387026719517942,7407073000000.0,2070943.0,406912.0
VCB,2022,21250512000000.0,402103803000000.0,1243468471000000.0,1813815170000000.0,135646085000000.0,1145066250000000.0,414767000000.0,782370000000.0,6623284000000.0,34866222000000.0,0.0117159192135326,0.3233727371282902,35.13420885056345,0.0747849545221302,0.6313026095156101,0.6855541245693738,0.682966684242069,0.0280394901946814,1,121.0,6.671021502152283,2504743.0,0.0,10704534000000.0,4017315000000.0,0.5037306395252971,0.6927762022863261,6839100000000.0,2232088.0,161145.0
VCB,2023,21905912000000.0,461311977000000.0,1395697611000000.0,1839724560000000.0,165080490000000.0,1270359018000000.0,1737243000000.0,2876975000000.0,7840749000000.0,54501409000000.0,0.0119071694080118,0.3305243007971302,35.14839225967389,0.0897310899627279,0.6905158770071538,0.758644876165593,0.9804289042328032,0.0390495824958462,1,126.0,6.848851330223041,2504834.0,91.0,11718438000000.0,3456785000000.0,0.5349440826750331,0.6927455474120411,5825410000000.0,2323910.0,91822.0
VCB,2024,23027363000000.0,529738285000000.0,1514664850000000.0,2085873522000000.0,196209168000000.0,1449198899000000.0,2153039000000.0,1518558000000.0,10292417000000.0,38249106000000.0,0.0110396736701085,0.3497396041111009,35.27396411781982,0.0940657072111776,0.6947683470330758,0.726153735605068,0.9635678035386086,0.0252525210445069,1,131.0,6.280342437752082,2504834.0,0.0,12262748000000.0,3402747000000.0,0.5325294085996733,0.6802991293445108,5136561000000.0,2479388.0,155478.0
VCB,2025,25242799000000.0,563957715000000.0,1672534846000000.0,2442279166000000.0,224558726000000.0,1673525675000000.0,760561000000.0,222632000000.0,8686362000000.0,46445074000000.0,0.0103357549584894,0.3371874232388938,35.43170808265664,0.0919463790733577,0.6852311145662043,0.6848254160638407,0.5777954377664387,0.0277692713614171,1,128.0,5.2410060971711205,2514333.0,9499.0,13662861000000.0,3826596000000.0,0.541257766224736,0.6928493547803475,3469867000000.0,2754936.0,275548.0
VIB,2015,1765240000000.0,10743451000000.0,53303964000000.0,84308832000000.0,8610809000000.0,47777031000000.0,135250000000.0,98039000000.0,755887000000.0,2450185000000.0,0.0209377826512885,0.2015506951790677,32.06550774413178,0.1021341275371956,0.5666906997359422,0.6322465005801527,2.0704007329379674,0.0459662812319173,0,155.0,183.8478796622399,47981.0,37558.0,867559000000.0,472270000000.0,0.4914680156805873,0.7590067073032563,166103000000.0,226009.0,17587.0
VIB,2016,2092628000000.0,11021818000000.0,59260842000000.0,104516957000000.0,8742774000000.0,60179583000000.0,40543000000.0,167933000000.0,1341243000000.0,2665553000000.0,0.0200218994129344,0.1859882112373631,32.28037044211198,0.0836493354853413,0.575787745140724,0.5669973916289966,2.5751574250688978,0.0449800055152776,0,155.0,148.3012943057651,3006.0,-44975.0,1118077000000.0,475807000000.0,0.534293242755043,0.761666191984433,255637000000.0,298578.0,72569.0
VIB,2017,2334457000000.0,11143445000000.0,68377753000000.0,123159117000000.0,8787521000000.0,79864220000000.0,103631000000.0,97531000000.0,1907526000000.0,3796588000000.0,0.0189548046207573,0.1629688679591445,32.44449826942358,0.0713509581267946,0.6484637268063557,0.5551984673615352,2.640341319304189,0.055523731527124,0,161.0,130.72519836270018,,,1324020000000.0,548913000000.0,0.5671640128732292,0.802299207053289,406891000000.0,277425.0,-21153.0
VIB,2018,2689716000000.0,12126600000000.0,84862629000000.0,139166216000000.0,10667645000000.0,96138735000000.0,242532000000.0,386230000000.0,1792889000000.0,5260350000000.0,0.0193273631870539,0.1428968221100008,32.56669013322275,0.076653984757335,0.6908194945819321,0.6097933208157359,2.51891290227607,0.0619866490348772,0,162.0,116.40756259407097,3880.0,,1639419000000.0,548387000000.0,0.6095137925342303,0.8133966560038309,734745000000.0,314645.0,37220.0
VIB,2019,3437100000000.0,13669515000000.0,122357044000000.0,184531485000000.0,13429644000000.0,129199808000000.0,406826000000.0,372158000000.0,1757558000000.0,7648003000000.0,0.0186260897428967,0.111718251382405,32.84884121525651,0.0727769789529412,0.7001504810954077,0.663068657362184,1.963270719411596,0.0625056208451717,0,162.0,87.78989666722727,1592.0,-2288.0,2276053000000.0,620637000000.0,0.66220156527305,0.8427715225044369,1797300000000.0,330456.0,15811.0
VIB,2020,4464872000000.0,17885854000000.0,150349095000000.0,244675677000000.0,17973814000000.0,169520235000000.0,566114000000.0,796884000000.0,1594447000000.0,8940999000000.0,0.018248123617126,0.1189621660176936,33.13095468217234,0.0734597497404697,0.6928364808407171,0.6144832083166158,1.744597038813685,0.0594682595196199,0,165.0,67.43620862649131,8237.0,6645.0,3232366000000.0,702733000000.0,0.723954908449783,0.8813464305359706,2388675000000.0,363123.0,32668.0
VIB,2021,5281843000000.0,27953339000000.0,173564890000000.0,309517129000000.0,24290740000000.0,201516754000000.0,1747352000000.0,1603696000000.0,1319110000000.0,9158864000000.0,0.0170647841593283,0.1610541106556746,33.366034550625166,0.0784794692251103,0.6510681804624777,0.5607602091708469,2.3175035858308832,0.052769105548939,0,165.0,53.30884288475033,,,3593892000000.0,942461000000.0,0.6804238596262706,0.8588579781716345,2741952000000.0,576025.0,212902.0
VIB,2022,6197114000000.0,27290753000000.0,200123940000000.0,342798925000000.0,32651042000000.0,231944016000000.0,1540756000000.0,1709696000000.0,2436387000000.0,12546784000000.0,0.0180779855129359,0.1363692569714548,33.468165166707934,0.0952483792065567,0.6766182711920699,0.5837939544296996,2.451815355305394,0.0626950678664431,0,177.0,51.63376752129547,,,4082383000000.0,1210368000000.0,0.658755511033039,0.8540670705751097,3188381000000.0,626078.0,50053.0
VIB,2023,6610743000000.0,31229736000000.0,236577266000000.0,409881373000000.0,37939587000000.0,266345545000000.0,2479317000000.0,3697136000000.0,2198138000000.0,18207116000000.0,0.0161284299201369,0.1320064963469482,33.64688889961536,0.0925623595000497,0.6498112930835722,0.5771847211998092,3.144257960087149,0.0769605478490904,0,188.0,45.8669294054502,,,4350225000000.0,1290219000000.0,0.6580538677725031,0.8532239114423296,2203263000000.0,687609.0,61531.0
VIB,2024,7211292000000.0,38534487000000.0,276308322000000.0,493158370000000.0,41861809000000.0,324009713000000.0,2305497000000.0,2670580000000.0,6397437000000.0,15692526000000.0,0.0146226697926672,0.1394619124066773,33.83185147570809,0.0848851232110285,0.6570094572256778,0.5602831439320395,3.5102385958411064,0.0567935337105047,0,191.0,38.729952003045184,,,4708481000000.0,1390001000000.0,0.6529316799264265,0.8456850727997147,1765459000000.0,769785.0,82176.0
VIB,2025,7435006000000.0,42377916000000.0,294577661000000.0,556098441000000.0,46904739000000.0,381972016000000.0,2149202000000.0,2824185000000.0,6361298000000.0,20231849000000.0,0.0133699457718853,0.1438599106807355,33.95196644666552,0.084346107706495,0.6868784154710479,0.5297221486006648,2.967412408557176,0.0686808664693688,0,202.0,36.32450391998132,,,4956379000000.0,1354298000000.0,0.666627437825874,0.8487790056927997,2105341000000.0,836257.0,66472.0
VPB,2015,5692469000000.0,12568456000000.0,130270670000000.0,193876428000000.0,13388922000000.0,116804247000000.0,1268015000000.0,523016000000.0,1354014000000.0,8405364000000.0,0.0293613259678995,0.0964795529185502,32.89824210296872,0.0690590503348865,0.6024675005875392,0.6719262952379131,2.692577608072761,0.0645223057500203,0,208.0,107.2848319652351,90132.0,-122880.0,3183691000000.0,740327000000.0,0.5592812187470849,0.6893349792506556,884667000000.0,248925.0,24572.0
VPB,2016,6621352000000.0,15238430000000.0,123787572000000.0,228770918000000.0,17177528000000.0,144673213000000.0,2335222000000.0,975528000000.0,896303000000.0,10463257000000.0,0.0289431543916784,0.1231014531895011,33.063742260712104,0.0750861523403949,0.6323933752803318,0.5410983751002826,2.907969563100808,0.0845259086267561,0,214.0,93.54335851377752,69147.0,-20985.0,3430934000000.0,949653000000.0,0.5181621517780659,0.6615849753947532,852926000000.0,323702.0,74777.0
VPB,2017,8894970000000.0,19670947000000.0,133550812000000.0,277752314000000.0,29695710000000.0,182666213000000.0,3166441000000.0,1966441000000.0,1067140000000.0,13518945000000.0,0.0320248277031456,0.1472918562262279,33.25775087564671,0.1069143567963217,0.6576586541057584,0.4808270004187976,3.3941810574460205,0.1012269771897755,0,216.0,77.76712888159773,69147.0,0.0,5060266000000.0,1101356000000.0,0.5688907326275412,0.6927085757456181,1461544000000.0,554079.0,230377.0
VPB,2018,10633924000000.0,22630333000000.0,170850871000000.0,323291119000000.0,34750069000000.0,221961996000000.0,4217034000000.0,1691988000000.0,1857243000000.0,15578639000000.0,0.0328927192089059,0.1324566440167577,33.40957433044038,0.1074884738791726,0.6865700384426583,0.5284737530943434,3.498916544253819,0.0911826724020622,0,221.0,68.35944045836905,69147.0,0.0,6020762000000.0,1418975000000.0,0.5661844113236092,0.6996229237673695,1612496000000.0,890142.0,336063.0
VPB,2019,12343718000000.0,27675110000000.0,213949568000000.0,377204126000000.0,42209742000000.0,257183959000000.0,5447770000000.0,1311426000000.0,2038348000000.0,19204323000000.0,0.0327242390768546,0.1293534278134181,33.56380760512219,0.1119015914475972,0.6818163993253881,0.5671983768279353,3.420720341271362,0.0897609804942443,0,227.0,60.17961744140625,69147.0,0.0,7327257000000.0,1583073000000.0,0.5936021059457126,0.721851390318541,2791619000000.0,1033336.0,143194.0
VPB,2020,11392021000000.0,35489592000000.0,233427953000000.0,419026527000000.0,52793502000000.0,290816086000000.0,6024814000000.0,1823719000000.0,2075655000000.0,20015944000000.0,0.0271868730640053,0.1520365986330694,33.66895534410921,0.1259908349430106,0.6940278652095933,0.5570720180204725,3.4125306259709443,0.0857478452891201,0,229.0,54.65047801138375,65127.0,-4020.0,6699495000000.0,1549971000000.0,0.5880866090397832,0.7241442058437216,3356127000000.0,1286591.0,253255.0
VPB,2021,10718937000000.0,53004407000000.0,241837028000000.0,547409439000000.0,86278147000000.0,355281219000000.0,6662218000000.0,7535242000000.0,2046703000000.0,16478269000000.0,0.019581206015704,0.2191740753611973,33.93621815571858,0.157611726896072,0.6490228222023771,0.4417845414609301,4.572198622184979,0.0681379073183119,0,234.0,42.74679669891479,65127.0,0.0,6230506000000.0,1467665000000.0,0.5812615560666137,0.718184181882961,4059031000000.0,1487276.0,200685.0
VPB,2022,14115731000000.0,50149266000000.0,303151417000000.0,631012886000000.0,103501920000000.0,438338047000000.0,7945484000000.0,10031492000000.0,7160158000000.0,21179192000000.0,0.0223699567998996,0.1654264607973117,34.078347399814334,0.1640250497198245,0.694657837779877,0.4804203269471742,5.734645708269992,0.069863410864413,0,260.0,41.20359595952847,65127.0,0.0,8327741000000.0,1627331000000.0,0.5899617242635184,0.7052466499963764,6437752000000.0,1644396.0,157120.0
VPB,2023,13941218000000.0,75333245000000.0,442368381000000.0,817566922000000.0,139795527000000.0,566271290000000.0,12074224000000.0,11990997000000.0,4362633000000.0,38382701000000.0,0.0170520817621826,0.1702952747881861,34.337353877123164,0.1709897052317388,0.6926298933605829,0.5410791081393579,5.020182817320652,0.086766375375278,0,263.0,32.16862044230307,65127.0,0.0,8609213000000.0,1689084000000.0,0.6175366456503298,0.7386942087843401,7211882000000.0,1843421.0,199025.0
VPB,2024,14339732000000.0,66607350000000.0,485666548000000.0,923847637000000.0,147275262000000.0,697771123000000.0,10852509000000.0,12098440000000.0,6119216000000.0,31031238000000.0,0.015521749935482,0.1371462586301085,34.459568278951906,0.1594150984444202,0.7552880962772869,0.5256998324714014,4.166146182005299,0.0638941226810622,0,287.0,31.06572864460333,65127.0,0.0,8395563000000.0,1957629000000.0,0.5854755862940814,0.7219934096397339,5204328000000.0,2021064.0,177643.0
VPB,2025,18630319000000.0,85753335000000.0,628044616000000.0,1260149596000000.0,180275629000000.0,943901630000000.0,11429858000000.0,10879958000000.0,9154889000000.0,42596241000000.0,0.0147842121753931,0.1365401960551159,34.77000683581071,0.1430589110786811,0.7490393465951641,0.4983889357212475,3.33347289589912,0.0678235907367447,0,293.0,23.25120770819975,47127.0,-18000.0,11202903000000.0,2190530000000.0,0.6013264185116745,0.7189051889020258,7381663000000.0,2158054.0,136990.0
